datetime,P1,P2,P3,P4,P5,P6
2021-05-06 00:00:20,0.02,0.121,6.0,172.0,178.0,1060.0
2021-05-06 00:01:21,0.02,0.121,6.0,172.0,179.0,1060.0
2021-05-06 00:02:21,0.02,0.121,6.0,172.0,179.0,1060.0
2021-05-06 00:03:22,0.02,0.121,5.0,172.0,179.0,1060.0
2021-05-06 00:04:22,0.02,0.121,6.0,172.0,179.0,1060.0
2021-05-06 00:05:23,0.02,0.121,6.0,172.0,179.0,1060.0
2021-05-06 00:06:23,0.02,0.121,5.0,172.0,179.0,1060.0
2021-05-06 00:07:24,0.02,0.121,6.0,172.0,179.0,1060.0
2021-05-06 00:08:24,0.02,0.121,6.0,172.0,178.0,1060.0
2021-05-06 00:09:25,0.02,0.121,6.0,172.0,178.0,1060.0
2021-05-06 00:10:25,0.02,0.121,5.0,172.0,179.0,1060.0
2021-05-06 00:11:26,0.02,0.121,6.0,172.0,179.0,1060.0
2021-05-06 00:12:26,0.02,0.121,6.0,172.0,178.0,1060.0
2021-05-06 00:13:26,0.02,0.121,6.0,172.0,179.0,1060.0
2021-05-06 00:14:27,0.02,0.121,5.0,172.0,179.0,1060.0
2021-05-06 00:15:27,0.02,0.121,6.0,172.0,179.0,1060.0
2021-05-06 00:16:28,0.02,0.121,6.0,172.0,179.0,1060.0
2021-05-06 00:17:28,0.02,0.121,6.0,172.0,179.0,1060.0
2021-05-06 00:18:29,0.02,0.121,6.0,172.0,179.0,1060.0
2021-05-06 00:19:29,0.02,0.121,6.0,172.0,179.0,1060.0
2021-05-06 00:20:30,0.02,0.121,6.0,172.0,179.0,1060.0
2021-05-06 00:21:30,0.02,0.121,5.0,172.0,178.0,1060.0
2021-05-06 00:22:30,0.02,0.121,6.0,172.0,179.0,1060.0
2021-05-06 00:23:31,0.02,0.121,5.0,172.0,178.0,1060.0
2021-05-06 00:24:32,0.02,0.121,5.0,172.0,179.0,1060.0
2021-05-06 00:25:32,0.02,0.121,6.0,172.0,179.0,1060.0
2021-05-06 00:26:33,0.02,0.121,6.0,172.0,178.0,1060.0
2021-05-06 00:27:33,0.02,0.121,6.0,172.0,179.0,1060.0
2021-05-06 00:28:33,0.02,0.121,5.0,172.0,179.0,1060.0
2021-05-06 00:29:34,0.02,0.121,6.0,172.0,179.0,1060.0
2021-05-06 00:30:34,0.02,0.121,5.0,172.0,179.0,1060.0
2021-05-06 00:31:35,0.02,0.121,6.0,172.0,179.0,1060.0
2021-05-06 00:32:36,0.02,0.121,5.0,172.0,178.0,1060.0
2021-05-06 00:33:36,0.02,0.121,6.0,172.0,178.0,1060.0
2021-05-06 00:34:36,0.02,0.121,6.0,172.0,179.0,1060.0
2021-05-06 00:35:37,0.02,0.121,5.0,172.0,179.0,1060.0
2021-05-06 00:36:37,0.02,0.121,6.0,172.0,179.0,1060.0
2021-05-06 00:37:38,0.02,0.121,6.0,172.0,179.0,1060.0
2021-05-06 00:38:38,0.02,0.121,5.0,172.0,179.0,1060.0
2021-05-06 00:39:39,0.02,0.121,5.0,172.0,179.0,1060.0
2021-05-06 00:40:40,0.02,0.121,5.0,172.0,178.0,1060.0
2021-05-06 00:41:40,0.02,0.121,5.0,172.0,179.0,1060.0
2021-05-06 00:42:41,0.02,0.121,5.0,172.0,178.0,1060.0
2021-05-06 00:43:41,0.02,0.121,6.0,172.0,179.0,1060.0
2021-05-06 00:44:41,0.02,0.121,5.0,172.0,179.0,1060.0
2021-05-06 00:45:42,0.02,0.121,5.0,172.0,179.0,1060.0
2021-05-06 00:46:42,0.02,0.121,6.0,172.0,178.0,1060.0
2021-05-06 00:47:43,0.02,0.121,6.0,172.0,179.0,1060.0
2021-05-06 00:48:43,0.02,0.121,6.0,172.0,178.0,1060.0
2021-05-06 00:49:44,0.02,0.121,5.0,172.0,178.0,1060.0
2021-05-06 00:50:44,0.02,0.121,5.0,172.0,179.0,1060.0
2021-05-06 00:51:45,0.02,0.121,5.0,172.0,179.0,1060.0
2021-05-06 00:52:45,0.02,0.121,5.0,172.0,179.0,1060.0
2021-05-06 00:53:46,0.02,0.121,6.0,172.0,179.0,1060.0
2021-05-06 00:54:46,0.02,0.121,5.0,172.0,178.0,1060.0
2021-05-06 00:55:47,0.02,0.121,5.0,172.0,178.0,1060.0
2021-05-06 00:56:47,0.02,0.121,5.0,172.0,178.0,1060.0
2021-05-06 00:57:48,0.02,0.121,6.0,172.0,178.0,1060.0
2021-05-06 00:58:48,0.02,0.121,6.0,172.0,179.0,1060.0
2021-05-06 00:59:49,0.02,0.121,5.0,172.0,178.0,1060.0
2021-05-06 01:00:49,0.02,0.121,5.0,172.0,178.0,1060.0
2021-05-06 01:01:49,0.02,0.121,6.0,172.0,178.0,1060.0
2021-05-06 01:02:50,0.02,0.121,5.0,172.0,178.0,1060.0
2021-05-06 01:03:50,0.02,0.121,5.0,172.0,178.0,1060.0
2021-05-06 01:04:51,0.02,0.121,5.0,172.0,179.0,1060.0
2021-05-06 01:05:51,0.02,0.121,5.0,172.0,178.0,1060.0
2021-05-06 01:06:51,0.02,0.121,5.0,172.0,178.0,1060.0
2021-05-06 01:07:52,0.02,0.121,5.0,172.0,178.0,1060.0
2021-05-06 01:08:52,0.02,0.121,5.0,172.0,178.0,1060.0
2021-05-06 01:09:53,0.02,0.121,5.0,172.0,178.0,1060.0
2021-05-06 01:10:54,0.02,0.121,5.0,172.0,178.0,1060.0
2021-05-06 01:11:54,0.02,0.121,5.0,172.0,178.0,1060.0
2021-05-06 01:12:54,0.02,0.121,5.0,172.0,178.0,1060.0
2021-05-06 01:13:55,0.02,0.121,5.0,172.0,178.0,1060.0
2021-05-06 01:14:55,0.02,0.121,6.0,172.0,178.0,1060.0
2021-05-06 01:15:56,0.02,0.121,5.0,172.0,178.0,1060.0
2021-05-06 01:16:56,0.02,0.121,5.0,172.0,178.0,1060.0
2021-05-06 01:17:56,0.02,0.121,5.0,172.0,178.0,1060.0
2021-05-06 01:18:57,0.02,0.121,5.0,172.0,178.0,1060.0
2021-05-06 01:19:57,0.02,0.121,5.0,172.0,178.0,1060.0
2021-05-06 01:20:58,0.02,0.121,5.0,172.0,178.0,1060.0
2021-05-06 01:21:58,0.02,0.121,5.0,172.0,178.0,1060.0
2021-05-06 01:22:58,0.02,0.121,5.0,172.0,178.0,1060.0
2021-05-06 01:23:59,0.02,0.121,5.0,172.0,178.0,1060.0
2021-05-06 01:25:00,0.02,0.121,5.0,172.0,178.0,1060.0
2021-05-06 01:26:00,0.02,0.121,5.0,172.0,178.0,1060.0
2021-05-06 01:27:00,0.02,0.121,5.0,172.0,178.0,1060.0
2021-05-06 01:28:01,0.02,0.121,5.0,172.0,178.0,1060.0
2021-05-06 01:29:01,0.02,0.121,5.0,172.0,178.0,1060.0
2021-05-06 01:30:02,0.02,0.121,5.0,172.0,178.0,1060.0
2021-05-06 01:31:02,0.02,0.121,5.0,172.0,178.0,1060.0
2021-05-06 01:32:03,0.02,0.121,5.0,172.0,178.0,1060.0
2021-05-06 01:33:03,0.02,0.121,5.0,172.0,178.0,1060.0
2021-05-06 01:34:04,0.02,0.121,5.0,172.0,178.0,1060.0
2021-05-06 01:35:04,0.02,0.121,5.0,172.0,178.0,1060.0
2021-05-06 01:36:04,0.02,0.121,5.0,172.0,178.0,1060.0
2021-05-06 01:37:05,0.02,0.121,5.0,172.0,178.0,1060.0
2021-05-06 01:38:05,0.02,0.121,5.0,172.0,178.0,1060.0
2021-05-06 01:39:06,0.02,0.121,5.0,172.0,178.0,1060.0
2021-05-06 01:40:06,0.02,0.121,5.0,172.0,178.0,1060.0
2021-05-06 01:41:07,0.02,0.121,5.0,172.0,178.0,1060.0
2021-05-06 01:42:07,0.02,0.121,5.0,172.0,178.0,1060.0
2021-05-06 01:43:08,0.02,0.121,5.0,172.0,178.0,1060.0
2021-05-06 01:44:08,0.02,0.121,5.0,172.0,178.0,1060.0
2021-05-06 01:45:09,0.02,0.121,5.0,172.0,178.0,1060.0
2021-05-06 01:46:09,0.02,0.121,5.0,172.0,178.0,1060.0
2021-05-06 01:47:10,0.02,0.121,5.0,172.0,178.0,1060.0
2021-05-06 01:48:10,0.02,0.121,5.0,172.0,178.0,1060.0
2021-05-06 01:49:11,0.02,0.121,5.0,172.0,178.0,1060.0
2021-05-06 01:50:11,0.02,0.121,5.0,172.0,178.0,1060.0
2021-05-06 01:51:11,0.02,0.121,5.0,172.0,178.0,1060.0
2021-05-06 01:52:12,0.02,0.121,5.0,172.0,178.0,1060.0
2021-05-06 01:53:12,0.02,0.121,5.0,172.0,178.0,1060.0
2021-05-06 01:54:13,0.02,0.121,5.0,172.0,178.0,1060.0
2021-05-06 01:55:13,0.02,0.121,5.0,172.0,178.0,1060.0
2021-05-06 01:56:13,0.02,0.121,5.0,172.0,178.0,1060.0
2021-05-06 01:57:14,0.02,0.121,5.0,172.0,178.0,1060.0
2021-05-06 01:58:14,0.02,0.121,5.0,172.0,178.0,1060.0
2021-05-06 01:59:15,0.02,0.121,5.0,172.0,178.0,1060.0
2021-05-06 02:00:15,0.02,0.121,5.0,172.0,178.0,1060.0
2021-05-06 02:01:16,0.02,0.121,4.0,172.0,178.0,1060.0
2021-05-06 02:02:16,0.02,0.121,5.0,172.0,178.0,1060.0
2021-05-06 02:03:17,0.02,0.121,5.0,172.0,178.0,1060.0
2021-05-06 02:04:17,0.02,0.121,5.0,172.0,178.0,1060.0
2021-05-06 02:05:18,0.02,0.121,5.0,172.0,178.0,1060.0
2021-05-06 02:06:18,0.02,0.121,5.0,172.0,178.0,1060.0
2021-05-06 02:07:19,0.02,0.121,5.0,172.0,178.0,1060.0
2021-05-06 02:08:19,0.02,0.121,5.0,172.0,178.0,1060.0
2021-05-06 02:09:20,0.02,0.121,5.0,172.0,178.0,1060.0
2021-05-06 02:10:20,0.02,0.121,5.0,172.0,178.0,1060.0
2021-05-06 02:11:21,0.02,0.121,5.0,172.0,178.0,1060.0
2021-05-06 02:12:21,0.02,0.121,5.0,172.0,178.0,1060.0
2021-05-06 02:13:22,0.02,0.121,5.0,172.0,178.0,1060.0
2021-05-06 02:14:22,0.02,0.121,5.0,172.0,178.0,1060.0
2021-05-06 02:15:23,0.02,0.121,5.0,172.0,178.0,1060.0
2021-05-06 02:16:23,0.02,0.121,5.0,172.0,178.0,1060.0
2021-05-06 02:17:24,0.02,0.121,5.0,172.0,179.0,1060.0
2021-05-06 02:18:24,0.02,0.121,5.0,172.0,178.0,1060.0
2021-05-06 02:19:25,0.02,0.121,5.0,172.0,178.0,1060.0
2021-05-06 02:20:25,0.02,0.121,5.0,172.0,178.0,1060.0
2021-05-06 02:21:25,0.02,0.121,5.0,172.0,178.0,1060.0
2021-05-06 02:22:26,0.02,0.121,5.0,172.0,178.0,1060.0
2021-05-06 02:23:26,0.02,0.121,5.0,172.0,178.0,1060.0
2021-05-06 02:24:27,0.02,0.121,5.0,172.0,178.0,1060.0
2021-05-06 02:25:27,0.02,0.121,5.0,172.0,178.0,1060.0
2021-05-06 02:26:28,0.02,0.121,5.0,172.0,178.0,1060.0
2021-05-06 02:27:28,0.02,0.121,5.0,172.0,178.0,1060.0
2021-05-06 02:28:29,0.02,0.121,5.0,172.0,178.0,1060.0
2021-05-06 02:29:29,0.02,0.121,4.0,172.0,178.0,1060.0
2021-05-06 02:30:30,0.02,0.121,5.0,172.0,178.0,1060.0
2021-05-06 02:31:30,0.02,0.121,4.0,172.0,178.0,1060.0
2021-05-06 02:32:31,0.02,0.121,5.0,172.0,178.0,1060.0
2021-05-06 02:33:31,0.02,0.121,5.0,172.0,178.0,1060.0
2021-05-06 02:34:32,0.02,0.121,5.0,172.0,178.0,1060.0
2021-05-06 02:35:32,0.02,0.121,5.0,172.0,178.0,1060.0
2021-05-06 02:36:33,0.02,0.121,5.0,172.0,178.0,1060.0
2021-05-06 02:37:33,0.02,0.121,5.0,172.0,178.0,1060.0
2021-05-06 02:38:34,0.02,0.121,5.0,172.0,178.0,1060.0
2021-05-06 02:39:34,0.02,0.121,5.0,172.0,178.0,1060.0
2021-05-06 02:40:35,0.02,0.121,5.0,172.0,178.0,1060.0
2021-05-06 02:41:35,0.02,0.121,5.0,172.0,178.0,1060.0
2021-05-06 02:42:36,0.02,0.121,5.0,172.0,178.0,1060.0
2021-05-06 02:43:36,0.02,0.121,5.0,172.0,178.0,1060.0
2021-05-06 02:44:37,0.02,0.121,5.0,172.0,178.0,1060.0
2021-05-06 02:45:37,0.02,0.121,5.0,172.0,178.0,1060.0
2021-05-06 02:46:37,0.02,0.121,5.0,172.0,178.0,1060.0
2021-05-06 02:47:38,0.02,0.121,5.0,172.0,178.0,1060.0
2021-05-06 02:48:38,0.02,0.121,5.0,172.0,178.0,1060.0
2021-05-06 02:49:39,0.02,0.121,5.0,172.0,178.0,1060.0
2021-05-06 02:50:39,0.02,0.121,5.0,172.0,178.0,1060.0
2021-05-06 02:51:40,0.02,0.121,5.0,172.0,178.0,1060.0
2021-05-06 02:52:40,0.02,0.121,5.0,172.0,178.0,1060.0
2021-05-06 02:53:41,0.02,0.121,4.0,172.0,178.0,1060.0
2021-05-06 02:54:41,0.02,0.121,5.0,172.0,178.0,1060.0
2021-05-06 02:55:42,0.02,0.121,5.0,172.0,178.0,1060.0
2021-05-06 02:56:42,0.02,0.121,4.0,172.0,178.0,1060.0
2021-05-06 02:57:43,0.02,0.121,5.0,172.0,178.0,1060.0
2021-05-06 02:58:43,0.02,0.121,5.0,172.0,178.0,1060.0
2021-05-06 02:59:44,0.02,0.121,5.0,172.0,178.0,1060.0
2021-05-06 03:00:44,0.02,0.121,4.0,172.0,178.0,1060.0
2021-05-06 03:01:45,0.02,0.121,5.0,172.0,178.0,1060.0
2021-05-06 03:02:45,0.02,0.121,4.0,172.0,178.0,1060.0
2021-05-06 03:03:46,0.02,0.121,4.0,172.0,178.0,1060.0
2021-05-06 03:04:46,0.02,0.121,4.0,172.0,178.0,1060.0
2021-05-06 03:05:47,0.02,0.121,5.0,172.0,178.0,1060.0
2021-05-06 03:06:47,0.02,0.121,4.0,172.0,178.0,1060.0
2021-05-06 03:07:48,0.02,0.121,5.0,172.0,178.0,1060.0
2021-05-06 03:08:48,0.02,0.121,4.0,172.0,178.0,1060.0
2021-05-06 03:09:49,0.02,0.121,5.0,172.0,178.0,1060.0
2021-05-06 03:10:49,0.02,0.121,5.0,172.0,178.0,1060.0
2021-05-06 03:11:50,0.02,0.121,5.0,172.0,178.0,1060.0
2021-05-06 03:12:50,0.02,0.121,4.0,172.0,178.0,1060.0
2021-05-06 03:13:51,0.02,0.121,4.0,172.0,178.0,1060.0
2021-05-06 03:14:52,0.02,0.121,5.0,172.0,178.0,1060.0
2021-05-06 03:15:52,0.02,0.121,5.0,172.0,178.0,1060.0
2021-05-06 03:16:52,0.02,0.121,4.0,172.0,178.0,1060.0
2021-05-06 03:17:53,0.02,0.121,4.0,172.0,178.0,1060.0
2021-05-06 03:18:54,0.02,0.121,4.0,172.0,178.0,1060.0
2021-05-06 03:19:54,0.02,0.121,4.0,172.0,178.0,1060.0
2021-05-06 03:20:54,0.02,0.121,4.0,172.0,178.0,1060.0
2021-05-06 03:21:55,0.02,0.121,4.0,172.0,178.0,1060.0
2021-05-06 03:22:55,0.02,0.121,5.0,172.0,178.0,1060.0
2021-05-06 03:23:56,0.02,0.121,5.0,172.0,178.0,1060.0
2021-05-06 03:24:56,0.02,0.121,4.0,172.0,178.0,1060.0
2021-05-06 03:25:57,0.02,0.121,4.0,172.0,178.0,1060.0
2021-05-06 03:26:57,0.02,0.121,4.0,172.0,178.0,1060.0
2021-05-06 03:27:58,0.02,0.121,4.0,172.0,178.0,1060.0
2021-05-06 03:28:58,0.02,0.121,4.0,172.0,178.0,1060.0
2021-05-06 03:29:59,0.02,0.121,4.0,172.0,178.0,1060.0
2021-05-06 03:30:59,0.02,0.121,4.0,172.0,178.0,1060.0
2021-05-06 03:32:00,0.02,0.121,4.0,172.0,178.0,1060.0
2021-05-06 03:33:00,0.02,0.12,5.0,172.0,178.0,1060.0
2021-05-06 03:34:01,0.02,0.121,4.0,172.0,178.0,1060.0
2021-05-06 03:35:01,0.02,0.121,4.0,172.0,178.0,1060.0
2021-05-06 03:36:02,0.02,0.12,5.0,172.0,178.0,1060.0
2021-05-06 03:37:02,0.02,0.12,5.0,172.0,178.0,1060.0
2021-05-06 03:38:03,0.02,0.121,5.0,172.0,178.0,1060.0
2021-05-06 03:39:03,0.02,0.12,5.0,172.0,178.0,1060.0
2021-05-06 03:40:04,0.02,0.121,4.0,172.0,178.0,1060.0
2021-05-06 03:41:04,0.02,0.121,4.0,172.0,178.0,1060.0
2021-05-06 03:42:04,0.02,0.121,5.0,172.0,178.0,1060.0
2021-05-06 03:43:05,0.02,0.12,4.0,172.0,178.0,1060.0
2021-05-06 03:44:05,0.02,0.12,4.0,172.0,178.0,1060.0
2021-05-06 03:45:06,0.02,0.12,4.0,172.0,178.0,1060.0
2021-05-06 03:46:06,0.02,0.121,4.0,172.0,178.0,1060.0
2021-05-06 03:47:07,0.02,0.12,4.0,172.0,178.0,1060.0
2021-05-06 03:48:07,0.02,0.121,4.0,172.0,178.0,1060.0
2021-05-06 03:49:08,0.02,0.12,4.0,172.0,178.0,1060.0
2021-05-06 03:50:08,0.02,0.121,4.0,172.0,178.0,1060.0
2021-05-06 03:51:09,0.02,0.12,5.0,172.0,178.0,1060.0
2021-05-06 03:52:09,0.02,0.121,4.0,172.0,178.0,1060.0
2021-05-06 03:53:10,0.02,0.12,4.0,172.0,178.0,1060.0
2021-05-06 03:54:10,0.02,0.121,4.0,172.0,178.0,1060.0
2021-05-06 03:55:11,0.02,0.12,4.0,172.0,178.0,1060.0
2021-05-06 03:56:11,0.02,0.12,4.0,172.0,178.0,1060.0
2021-05-06 03:57:12,0.02,0.121,4.0,172.0,178.0,1060.0
2021-05-06 03:58:12,0.02,0.121,4.0,172.0,178.0,1060.0
2021-05-06 03:59:13,0.02,0.12,4.0,172.0,178.0,1060.0
2021-05-06 04:00:13,0.02,0.12,4.0,172.0,178.0,1060.0
2021-05-06 04:01:13,0.02,0.12,4.0,172.0,178.0,1060.0
2021-05-06 04:02:14,0.02,0.12,4.0,172.0,178.0,1060.0
2021-05-06 04:03:14,0.02,0.12,4.0,172.0,178.0,1060.0
2021-05-06 04:04:15,0.02,0.12,4.0,172.0,178.0,1060.0
2021-05-06 04:05:15,0.02,0.12,4.0,172.0,178.0,1060.0
2021-05-06 04:06:16,0.02,0.12,4.0,172.0,178.0,1060.0
2021-05-06 04:07:16,0.02,0.12,4.0,172.0,178.0,1060.0
2021-05-06 04:08:17,0.02,0.12,4.0,172.0,178.0,1060.0
2021-05-06 04:09:17,0.02,0.12,4.0,172.0,178.0,1060.0
2021-05-06 04:10:17,0.02,0.12,4.0,172.0,178.0,1060.0
2021-05-06 04:11:18,0.02,0.12,4.0,172.0,178.0,1060.0
2021-05-06 04:12:18,0.02,0.12,4.0,172.0,178.0,1060.0
2021-05-06 04:13:19,0.02,0.12,4.0,172.0,178.0,1060.0
2021-05-06 04:14:19,0.02,0.12,4.0,172.0,178.0,1060.0
2021-05-06 04:15:20,0.02,0.12,5.0,172.0,178.0,1060.0
2021-05-06 04:16:20,0.02,0.12,4.0,172.0,178.0,1060.0
2021-05-06 04:17:21,0.02,0.12,4.0,172.0,178.0,1060.0
2021-05-06 04:18:21,0.02,0.12,4.0,172.0,178.0,1060.0
2021-05-06 04:19:22,0.02,0.12,4.0,172.0,178.0,1060.0
2021-05-06 04:20:22,0.02,0.12,4.0,172.0,178.0,1060.0
2021-05-06 04:21:23,0.02,0.12,4.0,172.0,178.0,1060.0
2021-05-06 04:22:23,0.02,0.12,4.0,172.0,178.0,1060.0
2021-05-06 04:23:24,0.02,0.12,4.0,172.0,178.0,1060.0
2021-05-06 04:24:24,0.02,0.12,4.0,172.0,178.0,1060.0
2021-05-06 04:25:25,0.02,0.12,4.0,172.0,178.0,1060.0
2021-05-06 04:26:25,0.02,0.12,4.0,172.0,178.0,1060.0
2021-05-06 04:27:26,0.02,0.12,4.0,172.0,178.0,1060.0
2021-05-06 04:28:26,0.02,0.12,4.0,172.0,178.0,1060.0
2021-05-06 04:29:27,0.02,0.12,4.0,172.0,178.0,1060.0
2021-05-06 04:30:27,0.02,0.12,4.0,172.0,178.0,1060.0
2021-05-06 04:31:28,0.02,0.12,4.0,172.0,178.0,1060.0
2021-05-06 04:32:28,0.02,0.12,4.0,172.0,178.0,1060.0
2021-05-06 04:33:29,0.02,0.12,4.0,172.0,178.0,1060.0
2021-05-06 04:34:29,0.02,0.12,4.0,172.0,178.0,1060.0
2021-05-06 04:35:30,0.02,0.12,4.0,172.0,178.0,1060.0
2021-05-06 04:36:30,0.02,0.12,4.0,172.0,178.0,1060.0
2021-05-06 04:37:31,0.02,0.12,4.0,172.0,178.0,1060.0
2021-05-06 04:38:31,0.02,0.12,4.0,172.0,178.0,1060.0
2021-05-06 04:39:32,0.02,0.12,4.0,172.0,178.0,1060.0
2021-05-06 04:40:32,0.02,0.12,4.0,172.0,178.0,1060.0
2021-05-06 04:41:33,0.02,0.12,4.0,172.0,178.0,1060.0
2021-05-06 04:42:33,0.02,0.12,4.0,172.0,178.0,1060.0
2021-05-06 04:43:34,0.02,0.12,4.0,172.0,178.0,1060.0
2021-05-06 04:44:34,0.02,0.12,4.0,172.0,178.0,1060.0
2021-05-06 04:45:34,0.02,0.12,4.0,172.0,178.0,1060.0
2021-05-06 04:46:35,0.02,0.12,4.0,172.0,178.0,1060.0
2021-05-06 04:47:35,0.02,0.12,4.0,172.0,178.0,1060.0
2021-05-06 04:48:36,0.02,0.12,4.0,172.0,178.0,1060.0
2021-05-06 04:49:36,0.02,0.12,4.0,172.0,178.0,1060.0
2021-05-06 04:50:37,0.02,0.12,4.0,172.0,178.0,1060.0
2021-05-06 04:51:37,0.02,0.12,4.0,172.0,178.0,1060.0
2021-05-06 04:52:37,0.02,0.12,5.0,172.0,178.0,1060.0
2021-05-06 04:53:38,0.02,0.12,4.0,171.0,178.0,1060.0
2021-05-06 04:54:38,0.02,0.12,4.0,172.0,178.0,1060.0
2021-05-06 04:55:39,0.02,0.12,4.0,172.0,178.0,1060.0
2021-05-06 04:56:40,0.02,0.12,4.0,172.0,178.0,1060.0
2021-05-06 04:57:40,0.02,0.12,4.0,172.0,178.0,1050.0
2021-05-06 04:58:41,0.02,0.12,4.0,172.0,178.0,1060.0
2021-05-06 04:59:41,0.02,0.12,4.0,172.0,178.0,1060.0
2021-05-06 05:00:42,0.02,0.12,4.0,172.0,178.0,1060.0
2021-05-06 05:01:42,0.02,0.12,4.0,172.0,178.0,1050.0
2021-05-06 05:02:42,0.02,0.12,4.0,172.0,178.0,1050.0
2021-05-06 05:03:43,0.02,0.12,4.0,172.0,178.0,1060.0
2021-05-06 05:04:44,0.02,0.12,4.0,172.0,178.0,1050.0
2021-05-06 05:05:44,0.02,0.12,4.0,172.0,178.0,1050.0
2021-05-06 05:06:45,0.02,0.12,4.0,172.0,178.0,1060.0
2021-05-06 05:07:45,0.02,0.12,4.0,171.0,178.0,1050.0
2021-05-06 05:08:45,0.02,0.12,4.0,172.0,178.0,1050.0
2021-05-06 05:09:46,0.02,0.12,4.0,172.0,178.0,1060.0
2021-05-06 05:10:46,0.02,0.12,4.0,172.0,178.0,1060.0
2021-05-06 05:11:46,0.02,0.12,4.0,172.0,178.0,1050.0
2021-05-06 05:12:47,0.02,0.12,4.0,172.0,178.0,1060.0
2021-05-06 05:13:47,0.02,0.12,4.0,172.0,178.0,1050.0
2021-05-06 05:14:47,0.02,0.12,4.0,172.0,178.0,1050.0
2021-05-06 05:15:48,0.02,0.12,4.0,172.0,178.0,1060.0
2021-05-06 05:16:48,0.02,0.12,4.0,172.0,178.0,1060.0
2021-05-06 05:17:49,0.02,0.12,4.0,172.0,178.0,1060.0
2021-05-06 05:18:49,0.02,0.12,4.0,172.0,178.0,1050.0
2021-05-06 05:19:50,0.02,0.12,4.0,172.0,178.0,1060.0
2021-05-06 05:20:50,0.02,0.12,4.0,172.0,178.0,1060.0
2021-05-06 05:21:51,0.02,0.12,4.0,171.0,178.0,1060.0
2021-05-06 05:22:51,0.02,0.12,4.0,172.0,178.0,1050.0
2021-05-06 05:23:51,0.02,0.12,4.0,172.0,178.0,1050.0
2021-05-06 05:24:52,0.02,0.12,4.0,171.0,178.0,1060.0
2021-05-06 05:25:52,0.02,0.12,4.0,172.0,178.0,1050.0
2021-05-06 05:26:53,0.02,0.12,4.0,172.0,178.0,1050.0
2021-05-06 05:27:53,0.02,0.12,4.0,172.0,178.0,1060.0
2021-05-06 05:28:54,0.02,0.12,4.0,172.0,178.0,1050.0
2021-05-06 05:29:54,0.02,0.12,4.0,172.0,178.0,1060.0
2021-05-06 05:30:55,0.02,0.12,4.0,172.0,178.0,1050.0
2021-05-06 05:31:55,0.02,0.12,4.0,172.0,178.0,1060.0
2021-05-06 05:32:56,0.02,0.12,4.0,172.0,178.0,1060.0
2021-05-06 05:33:56,0.02,0.12,4.0,172.0,178.0,1060.0
2021-05-06 05:34:57,0.02,0.12,4.0,171.0,178.0,1050.0
2021-05-06 05:35:57,0.02,0.12,4.0,171.0,178.0,1060.0
2021-05-06 05:36:58,0.02,0.12,4.0,172.0,178.0,1060.0
2021-05-06 05:37:58,0.02,0.12,4.0,172.0,178.0,1060.0
2021-05-06 05:38:59,0.02,0.12,4.0,172.0,178.0,1060.0
2021-05-06 05:39:59,0.02,0.12,4.0,172.0,178.0,1050.0
2021-05-06 05:41:00,0.02,0.12,4.0,171.0,178.0,1060.0
2021-05-06 05:42:00,0.02,0.12,4.0,172.0,178.0,1050.0
2021-05-06 05:43:01,0.02,0.12,4.0,172.0,178.0,1050.0
2021-05-06 05:44:01,0.02,0.12,4.0,171.0,178.0,1060.0
2021-05-06 05:45:02,0.02,0.12,4.0,171.0,178.0,1060.0
2021-05-06 05:46:02,0.02,0.12,4.0,172.0,178.0,1060.0
2021-05-06 05:47:03,0.02,0.12,4.0,172.0,178.0,1060.0
2021-05-06 05:48:03,0.02,0.12,4.0,172.0,178.0,1060.0
2021-05-06 05:49:04,0.02,0.12,4.0,171.0,178.0,1060.0
2021-05-06 05:50:04,0.02,0.12,4.0,172.0,178.0,1060.0
2021-05-06 05:51:05,0.02,0.12,4.0,172.0,178.0,1060.0
2021-05-06 05:52:05,0.02,0.12,4.0,171.0,178.0,1050.0
2021-05-06 05:53:06,0.02,0.12,4.0,172.0,178.0,1050.0
2021-05-06 05:54:06,0.02,0.12,4.0,171.0,178.0,1050.0
2021-05-06 05:55:07,0.02,0.12,4.0,172.0,178.0,1050.0
2021-05-06 05:56:07,0.02,0.12,4.0,172.0,178.0,1060.0
2021-05-06 05:57:08,0.02,0.12,4.0,171.0,178.0,1050.0
2021-05-06 05:58:08,0.02,0.12,4.0,172.0,178.0,1050.0
2021-05-06 05:59:08,0.02,0.12,4.0,172.0,178.0,1060.0
2021-05-06 06:00:09,0.02,0.12,4.0,172.0,178.0,1060.0
2021-05-06 06:01:10,0.02,0.12,4.0,171.0,178.0,1060.0
2021-05-06 06:02:10,0.02,0.12,4.0,171.0,178.0,1060.0
2021-05-06 06:03:11,0.02,0.12,4.0,172.0,178.0,1060.0
2021-05-06 06:04:11,0.02,0.12,4.0,171.0,178.0,1050.0
2021-05-06 06:05:11,0.02,0.12,4.0,172.0,178.0,1060.0
2021-05-06 06:06:12,0.02,0.12,4.0,172.0,178.0,1060.0
2021-05-06 06:07:12,0.02,0.12,4.0,172.0,178.0,1050.0
2021-05-06 06:08:13,0.02,0.12,4.0,172.0,178.0,1050.0
2021-05-06 06:09:13,0.02,0.12,4.0,172.0,178.0,1060.0
2021-05-06 06:10:14,0.02,0.12,4.0,172.0,178.0,1060.0
2021-05-06 06:11:14,0.02,0.12,4.0,171.0,178.0,1050.0
2021-05-06 06:12:15,0.02,0.12,4.0,172.0,178.0,1060.0
2021-05-06 06:13:15,0.02,0.12,4.0,171.0,178.0,1060.0
2021-05-06 06:14:16,0.02,0.12,4.0,172.0,178.0,1060.0
2021-05-06 06:15:16,0.02,0.12,4.0,172.0,178.0,1050.0
2021-05-06 06:16:17,0.02,0.12,4.0,171.0,178.0,1060.0
2021-05-06 06:17:17,0.02,0.12,4.0,171.0,178.0,1060.0
2021-05-06 06:18:18,0.02,0.12,4.0,172.0,178.0,1060.0
2021-05-06 06:19:18,0.02,0.12,4.0,171.0,178.0,1050.0
2021-05-06 06:20:19,0.02,0.12,4.0,171.0,178.0,1050.0
2021-05-06 06:21:19,0.02,0.12,4.0,172.0,178.0,1060.0
2021-05-06 06:22:20,0.02,0.12,4.0,171.0,178.0,1060.0
2021-05-06 06:23:21,0.02,0.12,4.0,171.0,178.0,1060.0
2021-05-06 06:24:21,0.02,0.12,4.0,172.0,178.0,1060.0
2021-05-06 06:25:22,0.02,0.12,4.0,171.0,178.0,1060.0
2021-05-06 06:26:22,0.02,0.12,4.0,171.0,178.0,1060.0
2021-05-06 06:27:22,0.02,0.12,4.0,172.0,178.0,1050.0
2021-05-06 06:28:23,0.02,0.12,4.0,171.0,178.0,1050.0
2021-05-06 06:29:23,0.02,0.12,4.0,171.0,178.0,1060.0
2021-05-06 06:30:24,0.02,0.12,4.0,171.0,178.0,1060.0
2021-05-06 06:31:24,0.02,0.12,4.0,171.0,178.0,1050.0
2021-05-06 06:32:25,0.02,0.12,4.0,171.0,178.0,1060.0
2021-05-06 06:33:25,0.02,0.12,4.0,171.0,178.0,1060.0
2021-05-06 06:34:26,0.02,0.12,4.0,171.0,178.0,1050.0
2021-05-06 06:35:26,0.02,0.12,4.0,171.0,178.0,1060.0
2021-05-06 06:36:27,0.02,0.12,4.0,171.0,178.0,1050.0
2021-05-06 06:37:27,0.02,0.12,4.0,171.0,178.0,1050.0
2021-05-06 06:38:27,0.02,0.12,4.0,171.0,178.0,1060.0
2021-05-06 06:39:28,0.02,0.12,4.0,171.0,178.0,1060.0
2021-05-06 06:40:28,0.02,0.12,4.0,171.0,178.0,1050.0
2021-05-06 06:41:29,0.02,0.12,4.0,171.0,178.0,1060.0
2021-05-06 06:42:29,0.02,0.12,4.0,172.0,178.0,1060.0
2021-05-06 06:43:30,0.02,0.12,4.0,171.0,178.0,1060.0
2021-05-06 06:44:30,0.02,0.12,4.0,171.0,178.0,1060.0
2021-05-06 06:45:31,0.02,0.12,4.0,172.0,178.0,1060.0
2021-05-06 06:46:31,0.02,0.12,4.0,172.0,178.0,1060.0
2021-05-06 06:47:31,0.02,0.12,4.0,172.0,178.0,1060.0
2021-05-06 06:48:32,0.02,0.12,4.0,171.0,178.0,1050.0
2021-05-06 06:49:32,0.02,0.12,4.0,172.0,178.0,1060.0
2021-05-06 06:50:33,0.02,0.12,4.0,171.0,178.0,1060.0
2021-05-06 06:51:33,0.02,0.12,4.0,171.0,178.0,1060.0
2021-05-06 06:52:34,0.02,0.12,4.0,171.0,178.0,1060.0
2021-05-06 06:53:34,0.02,0.12,4.0,171.0,178.0,1060.0
2021-05-06 06:54:35,0.02,0.12,4.0,171.0,178.0,1050.0
2021-05-06 06:55:35,0.02,0.12,4.0,171.0,178.0,1060.0
2021-05-06 06:56:35,0.02,0.12,4.0,172.0,178.0,1060.0
2021-05-06 06:57:36,0.02,0.12,4.0,171.0,178.0,1060.0
2021-05-06 06:58:36,0.02,0.12,4.0,171.0,178.0,1060.0
2021-05-06 06:59:37,0.02,0.12,4.0,172.0,178.0,1060.0
2021-05-06 07:00:37,0.02,0.12,4.0,171.0,178.0,1050.0
2021-05-06 07:01:38,0.02,0.12,4.0,172.0,178.0,1050.0
2021-05-06 07:02:38,0.02,0.12,4.0,171.0,178.0,1060.0
2021-05-06 07:03:39,0.02,0.12,4.0,171.0,178.0,1060.0
2021-05-06 07:04:39,0.02,0.12,4.0,171.0,178.0,1060.0
2021-05-06 07:05:40,0.02,0.12,4.0,172.0,178.0,1050.0
2021-05-06 07:06:40,0.02,0.12,4.0,171.0,178.0,1060.0
2021-05-06 07:07:41,0.02,0.12,4.0,171.0,178.0,1050.0
2021-05-06 07:08:41,0.02,0.12,4.0,171.0,178.0,1060.0
2021-05-06 07:09:42,0.02,0.12,4.0,171.0,178.0,1060.0
2021-05-06 07:10:42,0.02,0.12,4.0,172.0,178.0,1060.0
2021-05-06 07:11:43,0.02,0.12,4.0,172.0,178.0,1060.0
2021-05-06 07:12:43,0.02,0.12,4.0,172.0,178.0,1060.0
2021-05-06 07:13:44,0.02,0.12,4.0,172.0,178.0,1060.0
2021-05-06 07:14:44,0.02,0.12,4.0,171.0,178.0,1050.0
2021-05-06 07:15:44,0.02,0.12,4.0,171.0,178.0,1060.0
2021-05-06 07:16:45,0.02,0.12,4.0,172.0,178.0,1060.0
2021-05-06 07:17:45,0.02,0.12,4.0,172.0,178.0,1050.0
2021-05-06 07:18:45,0.02,0.12,4.0,172.0,178.0,1050.0
2021-05-06 07:19:46,0.02,0.12,4.0,172.0,178.0,1060.0
2021-05-06 07:20:46,0.02,0.12,4.0,172.0,178.0,1050.0
2021-05-06 07:21:47,0.02,0.12,4.0,171.0,178.0,1060.0
2021-05-06 07:22:47,0.02,0.12,4.0,172.0,178.0,1060.0
2021-05-06 07:23:48,0.02,0.12,4.0,172.0,178.0,1050.0
2021-05-06 07:24:48,0.02,0.12,4.0,172.0,178.0,1050.0
2021-05-06 07:25:49,0.02,0.12,4.0,172.0,178.0,1060.0
2021-05-06 07:26:49,0.02,0.12,4.0,172.0,178.0,1060.0
2021-05-06 07:27:50,0.02,0.12,4.0,172.0,178.0,1060.0
2021-05-06 07:28:50,0.02,0.12,4.0,172.0,178.0,1050.0
2021-05-06 07:29:51,0.02,0.12,4.0,171.0,178.0,1060.0
2021-05-06 07:30:51,0.02,0.12,4.0,172.0,178.0,1050.0
2021-05-06 07:31:51,0.02,0.12,4.0,172.0,178.0,1060.0
2021-05-06 07:32:52,0.02,0.12,4.0,172.0,178.0,1060.0
2021-05-06 07:33:52,0.02,0.12,4.0,172.0,178.0,1060.0
2021-05-06 07:34:53,0.02,0.121,4.0,172.0,178.0,1050.0
2021-05-06 07:35:53,0.02,0.121,4.0,172.0,178.0,1050.0
2021-05-06 07:36:54,0.02,0.121,4.0,172.0,178.0,1060.0
2021-05-06 07:37:54,0.02,0.121,4.0,172.0,178.0,1050.0
2021-05-06 07:38:55,0.02,0.121,4.0,172.0,178.0,1060.0
2021-05-06 07:39:55,0.02,0.121,4.0,171.0,178.0,1050.0
2021-05-06 07:40:56,0.02,0.121,4.0,172.0,178.0,1060.0
2021-05-06 07:41:56,0.02,0.121,4.0,172.0,178.0,1050.0
2021-05-06 07:42:57,0.02,0.121,4.0,172.0,178.0,1060.0
2021-05-06 07:43:57,0.02,0.121,4.0,172.0,178.0,1060.0
2021-05-06 07:44:58,0.02,0.121,4.0,172.0,178.0,1060.0
2021-05-06 07:45:58,0.02,0.121,4.0,172.0,178.0,1060.0
2021-05-06 07:46:59,0.02,0.121,4.0,172.0,178.0,1060.0
2021-05-06 07:47:59,0.02,0.121,4.0,172.0,178.0,1060.0
2021-05-06 07:49:00,0.02,0.121,4.0,172.0,178.0,1050.0
2021-05-06 07:50:00,0.02,0.121,4.0,172.0,178.0,1050.0
2021-05-06 07:51:01,0.02,0.121,4.0,172.0,178.0,1060.0
2021-05-06 07:52:01,0.02,0.121,4.0,172.0,178.0,1060.0
2021-05-06 07:53:02,0.02,0.121,4.0,172.0,178.0,1060.0
2021-05-06 07:54:03,0.02,0.121,4.0,172.0,178.0,1060.0
2021-05-06 07:55:03,0.02,0.121,4.0,172.0,178.0,1060.0
2021-05-06 07:56:04,0.02,0.121,4.0,172.0,178.0,1060.0
2021-05-06 07:57:04,0.02,0.121,4.0,171.0,178.0,1060.0
2021-05-06 07:58:05,0.02,0.121,4.0,172.0,178.0,1050.0
2021-05-06 07:59:05,0.02,0.121,4.0,172.0,178.0,1060.0
2021-05-06 08:00:06,0.02,0.121,4.0,172.0,178.0,1050.0
2021-05-06 08:01:06,0.02,0.121,4.0,172.0,178.0,1060.0
2021-05-06 08:02:07,0.02,0.121,4.0,172.0,178.0,1060.0
2021-05-06 08:03:07,0.02,0.121,4.0,172.0,178.0,1060.0
2021-05-06 08:04:08,0.02,0.121,4.0,171.0,178.0,1060.0
2021-05-06 08:05:08,0.02,0.121,4.0,172.0,178.0,1050.0
2021-05-06 08:06:08,0.02,0.121,4.0,172.0,178.0,1050.0
2021-05-06 08:07:09,0.02,0.122,4.0,172.0,178.0,1060.0
2021-05-06 08:08:09,0.02,0.122,4.0,172.0,178.0,1060.0
2021-05-06 08:09:10,0.02,0.122,4.0,172.0,178.0,1060.0
2021-05-06 08:10:10,0.02,0.121,4.0,172.0,178.0,1060.0
2021-05-06 08:11:11,0.02,0.122,4.0,172.0,178.0,1060.0
2021-05-06 08:12:11,0.02,0.121,4.0,172.0,178.0,1060.0
2021-05-06 08:13:12,0.02,0.121,4.0,172.0,178.0,1060.0
2021-05-06 08:14:12,0.02,0.122,4.0,172.0,178.0,1050.0
2021-05-06 08:15:13,0.02,0.121,4.0,172.0,178.0,1060.0
2021-05-06 08:16:13,0.02,0.121,4.0,172.0,178.0,1060.0
2021-05-06 08:17:14,0.02,0.121,4.0,172.0,178.0,1050.0
2021-05-06 08:18:14,0.02,0.121,4.0,172.0,178.0,1060.0
2021-05-06 08:19:15,0.02,0.121,4.0,172.0,178.0,1060.0
2021-05-06 08:20:15,0.02,0.121,4.0,172.0,178.0,1060.0
2021-05-06 08:21:16,0.02,0.121,4.0,172.0,178.0,1060.0
2021-05-06 08:22:16,0.02,0.122,4.0,172.0,178.0,1060.0
2021-05-06 08:23:17,0.02,0.122,4.0,172.0,178.0,1060.0
2021-05-06 08:24:17,0.02,0.122,4.0,172.0,178.0,1060.0
2021-05-06 08:25:17,0.02,0.122,4.0,172.0,179.0,1060.0
2021-05-06 08:26:18,0.02,0.122,4.0,172.0,178.0,1050.0
2021-05-06 08:27:19,0.02,0.122,4.0,172.0,178.0,1060.0
2021-05-06 08:28:19,0.02,0.122,4.0,172.0,178.0,1060.0
2021-05-06 08:29:19,0.02,0.122,4.0,172.0,178.0,1060.0
2021-05-06 08:30:20,0.02,0.122,4.0,172.0,178.0,1060.0
2021-05-06 08:31:20,0.02,0.122,4.0,172.0,178.0,1060.0
2021-05-06 08:32:21,0.02,0.122,4.0,172.0,178.0,1060.0
2021-05-06 08:33:22,0.02,0.122,4.0,172.0,178.0,1060.0
2021-05-06 08:34:22,0.02,0.122,4.0,172.0,179.0,1060.0
2021-05-06 08:35:23,0.02,0.122,5.0,172.0,178.0,1060.0
2021-05-06 08:36:23,0.02,0.122,4.0,172.0,178.0,1060.0
2021-05-06 08:37:23,0.02,0.122,4.0,172.0,178.0,1060.0
2021-05-06 08:38:24,0.02,0.122,5.0,172.0,178.0,1060.0
2021-05-06 08:39:24,0.02,0.122,5.0,172.0,178.0,1060.0
2021-05-06 08:40:25,0.02,0.122,4.0,172.0,178.0,1060.0
2021-05-06 08:41:25,0.02,0.122,4.0,172.0,178.0,1060.0
2021-05-06 08:42:26,0.02,0.122,4.0,172.0,178.0,1060.0
2021-05-06 08:43:26,0.02,0.122,4.0,172.0,178.0,1060.0
2021-05-06 08:44:27,0.02,0.122,4.0,172.0,178.0,1060.0
2021-05-06 08:45:27,0.02,0.122,5.0,172.0,178.0,1060.0
2021-05-06 08:46:28,0.02,0.122,5.0,172.0,178.0,1060.0
2021-05-06 08:47:28,0.02,0.122,4.0,172.0,178.0,1060.0
2021-05-06 08:48:29,0.02,0.12300000000000001,5.0,172.0,178.0,1060.0
2021-05-06 08:49:29,0.02,0.12300000000000001,4.0,172.0,178.0,1060.0
2021-05-06 08:50:30,0.02,0.12300000000000001,4.0,172.0,178.0,1060.0
2021-05-06 08:51:30,0.02,0.12300000000000001,5.0,172.0,178.0,1060.0
2021-05-06 08:52:30,0.02,0.12300000000000001,5.0,172.0,178.0,1060.0
2021-05-06 08:53:31,0.02,0.12300000000000001,4.0,172.0,178.0,1060.0
2021-05-06 08:54:31,0.02,0.12300000000000001,4.0,172.0,178.0,1060.0
2021-05-06 08:55:32,0.02,0.12300000000000001,5.0,172.0,178.0,1060.0
2021-05-06 08:56:33,0.02,0.12300000000000001,4.0,172.0,178.0,1060.0
2021-05-06 08:57:33,0.02,0.12300000000000001,4.0,172.0,178.0,1060.0
2021-05-06 08:58:33,0.02,0.12300000000000001,5.0,172.0,178.0,1060.0
2021-05-06 08:59:34,0.02,0.12300000000000001,5.0,172.0,178.0,1060.0
2021-05-06 09:00:35,0.02,0.12300000000000001,5.0,172.0,178.0,1060.0
2021-05-06 09:01:35,0.02,0.12300000000000001,5.0,172.0,178.0,1060.0
2021-05-06 09:02:35,0.02,0.12300000000000001,5.0,172.0,178.0,1060.0
2021-05-06 09:03:36,0.02,0.12300000000000001,4.0,172.0,178.0,1060.0
2021-05-06 09:04:36,0.02,0.12300000000000001,5.0,172.0,178.0,1060.0
2021-05-06 09:05:37,0.02,0.12300000000000001,5.0,172.0,178.0,1060.0
2021-05-06 09:06:37,0.02,0.12300000000000001,5.0,172.0,178.0,1060.0
2021-05-06 09:07:38,0.02,0.12300000000000001,5.0,172.0,178.0,1060.0
2021-05-06 09:08:38,0.02,0.12300000000000001,5.0,172.0,178.0,1060.0
2021-05-06 09:09:39,0.02,0.12300000000000001,4.0,172.0,178.0,1060.0
2021-05-06 09:10:39,0.02,0.12300000000000001,5.0,172.0,178.0,1060.0
2021-05-06 09:11:40,0.02,0.12300000000000001,4.0,172.0,179.0,1060.0
2021-05-06 09:12:40,0.02,0.12300000000000001,4.0,172.0,178.0,1060.0
2021-05-06 09:13:41,0.02,0.12300000000000001,5.0,172.0,178.0,1060.0
2021-05-06 09:14:41,0.02,0.12300000000000001,5.0,172.0,179.0,1060.0
2021-05-06 09:15:42,0.02,0.12300000000000001,5.0,172.0,178.0,1060.0
2021-05-06 09:16:42,0.02,0.12300000000000001,5.0,172.0,178.0,1060.0
2021-05-06 09:17:43,0.02,0.12300000000000001,5.0,172.0,178.0,1060.0
2021-05-06 09:18:43,0.02,0.12300000000000001,5.0,172.0,178.0,1060.0
2021-05-06 09:19:44,0.02,0.12300000000000001,5.0,172.0,178.0,1060.0
2021-05-06 09:20:44,0.02,0.12300000000000001,5.0,172.0,179.0,1060.0
2021-05-06 09:21:44,0.02,0.12300000000000001,5.0,172.0,178.0,1060.0
2021-05-06 09:22:45,0.02,0.12300000000000001,5.0,172.0,178.0,1060.0
2021-05-06 09:23:46,0.02,0.124,5.0,172.0,179.0,1060.0
2021-05-06 09:24:46,0.02,0.12300000000000001,5.0,172.0,178.0,1060.0
2021-05-06 09:25:47,0.02,0.124,5.0,172.0,179.0,1060.0
2021-05-06 09:26:47,0.02,0.124,4.0,172.0,179.0,1060.0
2021-05-06 09:27:47,0.02,0.124,5.0,172.0,178.0,1060.0
2021-05-06 09:28:48,0.02,0.124,5.0,172.0,178.0,1060.0
2021-05-06 09:29:48,0.02,0.124,5.0,172.0,178.0,1060.0
2021-05-06 09:30:49,0.02,0.124,5.0,172.0,179.0,1060.0
2021-05-06 09:31:49,0.02,0.124,5.0,172.0,179.0,1060.0
2021-05-06 09:32:50,0.02,0.124,5.0,172.0,179.0,1060.0
2021-05-06 09:33:50,0.02,0.124,5.0,172.0,178.0,1060.0
2021-05-06 09:34:51,0.02,0.124,5.0,172.0,179.0,1060.0
2021-05-06 09:35:51,0.02,0.124,5.0,172.0,179.0,1060.0
2021-05-06 09:36:51,0.02,0.124,5.0,172.0,179.0,1060.0
2021-05-06 09:37:52,0.02,0.124,5.0,172.0,179.0,1060.0
2021-05-06 09:38:52,0.02,0.124,5.0,172.0,179.0,1060.0
2021-05-06 09:39:52,0.02,0.124,5.0,172.0,179.0,1060.0
2021-05-06 09:40:53,0.02,0.124,5.0,172.0,179.0,1060.0
2021-05-06 09:41:54,0.02,0.124,5.0,172.0,179.0,1060.0
2021-05-06 09:42:54,0.02,0.124,5.0,172.0,179.0,1060.0
2021-05-06 09:43:55,0.02,0.124,5.0,172.0,179.0,1060.0
2021-05-06 09:44:55,0.02,0.124,5.0,172.0,179.0,1060.0
2021-05-06 09:45:56,0.02,0.124,5.0,172.0,179.0,1060.0
2021-05-06 09:46:56,0.02,0.124,5.0,172.0,178.0,1060.0
2021-05-06 09:47:56,0.02,0.124,5.0,172.0,179.0,1060.0
2021-05-06 09:48:57,0.02,0.125,5.0,172.0,178.0,1060.0
2021-05-06 09:49:57,0.02,0.125,5.0,172.0,179.0,1060.0
2021-05-06 09:50:58,0.02,0.125,5.0,172.0,179.0,1060.0
2021-05-06 09:51:58,0.02,0.125,5.0,172.0,179.0,1060.0
2021-05-06 09:52:59,0.02,0.125,5.0,172.0,178.0,1060.0
2021-05-06 09:53:59,0.02,0.125,5.0,172.0,179.0,1060.0
2021-05-06 09:55:00,0.02,0.125,5.0,172.0,179.0,1060.0
2021-05-06 09:56:00,0.02,0.125,5.0,172.0,179.0,1060.0
2021-05-06 09:57:00,0.02,0.125,5.0,172.0,179.0,1060.0
2021-05-06 09:58:01,0.02,0.125,5.0,172.0,179.0,1060.0
2021-05-06 09:59:01,0.02,0.125,5.0,172.0,179.0,1060.0
2021-05-06 10:00:02,0.02,0.125,5.0,172.0,179.0,1060.0
2021-05-06 10:01:02,0.02,0.125,5.0,172.0,178.0,1060.0
2021-05-06 10:02:03,0.02,0.125,5.0,172.0,178.0,1060.0
2021-05-06 10:03:03,0.02,0.125,5.0,172.0,179.0,1060.0
2021-05-06 10:04:04,0.02,0.125,5.0,172.0,179.0,1060.0
2021-05-06 10:05:04,0.02,0.125,5.0,172.0,179.0,1060.0
2021-05-06 10:06:04,0.02,0.125,5.0,172.0,178.0,1060.0
2021-05-06 10:07:05,0.02,0.125,5.0,172.0,178.0,1060.0
2021-05-06 10:08:05,0.02,0.125,5.0,172.0,179.0,1060.0
2021-05-06 10:09:06,0.02,0.125,5.0,172.0,178.0,1060.0
2021-05-06 10:10:06,0.02,0.125,5.0,172.0,179.0,1060.0
2021-05-06 10:11:07,0.02,0.125,5.0,172.0,179.0,1060.0
2021-05-06 10:12:07,0.02,0.125,5.0,172.0,179.0,1060.0
2021-05-06 10:13:08,0.02,0.125,5.0,172.0,179.0,1060.0
2021-05-06 10:14:08,0.02,0.125,5.0,172.0,179.0,1060.0
2021-05-06 10:15:09,0.02,0.125,5.0,172.0,179.0,1060.0
2021-05-06 10:16:09,0.02,0.125,5.0,172.0,179.0,1060.0
2021-05-06 10:17:10,0.02,0.125,5.0,172.0,179.0,1060.0
2021-05-06 10:18:10,0.02,0.125,5.0,172.0,178.0,1060.0
2021-05-06 10:19:11,0.02,0.125,5.0,172.0,178.0,1060.0
2021-05-06 10:20:11,0.02,0.126,5.0,172.0,179.0,1060.0
2021-05-06 10:21:12,0.02,0.125,5.0,172.0,178.0,1060.0
2021-05-06 10:22:12,0.02,0.125,5.0,172.0,179.0,1060.0
2021-05-06 10:23:13,0.02,0.126,5.0,172.0,179.0,1060.0
2021-05-06 10:24:13,0.02,0.125,5.0,172.0,178.0,1060.0
2021-05-06 10:25:13,0.02,0.125,5.0,172.0,179.0,1060.0
2021-05-06 10:26:14,0.02,0.125,5.0,172.0,179.0,1060.0
2021-05-06 10:27:14,0.02,0.125,5.0,172.0,179.0,1060.0
2021-05-06 10:28:15,0.02,0.125,5.0,172.0,179.0,1060.0
2021-05-06 10:29:15,0.02,0.125,5.0,172.0,179.0,1060.0
2021-05-06 10:30:16,0.02,0.125,5.0,172.0,179.0,1060.0
2021-05-06 10:31:16,0.02,0.125,5.0,172.0,179.0,1060.0
2021-05-06 10:32:17,0.02,0.125,5.0,172.0,179.0,1060.0
2021-05-06 10:33:17,0.02,0.125,5.0,172.0,179.0,1060.0
2021-05-06 10:34:18,0.02,0.125,5.0,172.0,179.0,1060.0
2021-05-06 10:35:18,0.02,0.125,5.0,172.0,179.0,1060.0
2021-05-06 10:36:19,0.02,0.125,5.0,172.0,178.0,1060.0
2021-05-06 10:37:19,0.02,0.126,5.0,172.0,179.0,1060.0
2021-05-06 10:38:20,0.02,0.126,5.0,172.0,179.0,1060.0
2021-05-06 10:39:20,0.02,0.126,5.0,172.0,179.0,1060.0
2021-05-06 10:40:21,0.02,0.126,5.0,172.0,179.0,1060.0
2021-05-06 10:41:21,0.02,0.126,6.0,172.0,179.0,1060.0
2021-05-06 10:42:22,0.02,0.126,5.0,172.0,179.0,1060.0
2021-05-06 10:43:22,0.02,0.126,5.0,172.0,179.0,1060.0
2021-05-06 10:44:23,0.02,0.126,5.0,172.0,179.0,1060.0
2021-05-06 10:45:23,0.02,0.126,5.0,172.0,179.0,1060.0
2021-05-06 10:46:24,0.02,0.126,5.0,172.0,179.0,1060.0
2021-05-06 10:47:24,0.02,0.126,5.0,172.0,179.0,1060.0
2021-05-06 10:48:25,0.02,0.126,5.0,172.0,179.0,1060.0
2021-05-06 10:49:25,0.02,0.126,5.0,172.0,179.0,1060.0
2021-05-06 10:50:26,0.02,0.126,6.0,172.0,179.0,1060.0
2021-05-06 10:51:26,0.02,0.126,5.0,172.0,179.0,1060.0
2021-05-06 10:52:27,0.02,0.126,5.0,172.0,179.0,1060.0
2021-05-06 10:53:27,0.02,0.126,5.0,172.0,179.0,1060.0
2021-05-06 10:54:28,0.02,0.126,5.0,172.0,179.0,1060.0
2021-05-06 10:55:28,0.02,0.126,5.0,172.0,179.0,1060.0
2021-05-06 10:56:29,0.02,0.126,5.0,172.0,179.0,1060.0
2021-05-06 10:57:29,0.02,0.126,5.0,172.0,179.0,1060.0
2021-05-06 10:58:30,0.02,0.126,5.0,172.0,179.0,1060.0
2021-05-06 10:59:30,0.02,0.126,5.0,172.0,179.0,1060.0
2021-05-06 11:00:30,0.02,0.126,5.0,172.0,179.0,1060.0
2021-05-06 11:01:31,0.02,0.126,6.0,172.0,179.0,1060.0
2021-05-06 11:02:31,0.02,0.126,5.0,172.0,179.0,1060.0
2021-05-06 11:03:32,0.02,0.126,5.0,172.0,179.0,1060.0
2021-05-06 11:04:32,0.02,0.126,5.0,172.0,179.0,1060.0
2021-05-06 11:05:33,0.02,0.126,5.0,172.0,179.0,1060.0
2021-05-06 11:06:33,0.02,0.126,5.0,172.0,179.0,1060.0
2021-05-06 11:07:33,0.02,0.126,5.0,172.0,179.0,1060.0
2021-05-06 11:08:34,0.02,0.126,6.0,172.0,179.0,1060.0
2021-05-06 11:09:35,0.02,0.126,5.0,172.0,179.0,1060.0
2021-05-06 11:10:35,0.02,0.126,5.0,172.0,179.0,1060.0
2021-05-06 11:11:36,0.02,0.126,5.0,172.0,179.0,1060.0
2021-05-06 11:12:36,0.02,0.127,5.0,172.0,179.0,1060.0
2021-05-06 11:13:37,0.02,0.127,5.0,172.0,179.0,1060.0
2021-05-06 11:14:37,0.02,0.126,5.0,172.0,179.0,1060.0
2021-05-06 11:15:38,0.02,0.127,5.0,172.0,179.0,1060.0
2021-05-06 11:16:38,0.02,0.126,5.0,172.0,179.0,1060.0
2021-05-06 11:17:38,0.02,0.126,5.0,172.0,179.0,1060.0
2021-05-06 11:18:39,0.02,0.126,5.0,172.0,179.0,1060.0
2021-05-06 11:19:39,0.02,0.127,6.0,172.0,179.0,1060.0
2021-05-06 11:20:40,0.02,0.126,5.0,172.0,179.0,1060.0
2021-05-06 11:21:40,0.02,0.127,5.0,172.0,179.0,1060.0
2021-05-06 11:22:41,0.02,0.127,5.0,172.0,179.0,1060.0
2021-05-06 11:23:41,0.02,0.126,5.0,172.0,179.0,1060.0
2021-05-06 11:24:42,0.02,0.127,5.0,172.0,179.0,1060.0
2021-05-06 11:25:42,0.02,0.127,5.0,172.0,179.0,1060.0
2021-05-06 11:26:43,0.02,0.127,5.0,172.0,179.0,1060.0
2021-05-06 11:27:43,0.02,0.127,6.0,172.0,179.0,1060.0
2021-05-06 11:28:44,0.02,0.127,5.0,172.0,179.0,1060.0
2021-05-06 11:29:44,0.02,0.127,5.0,172.0,179.0,1060.0
2021-05-06 11:30:45,0.02,0.127,5.0,172.0,179.0,1060.0
2021-05-06 11:31:45,0.02,0.127,5.0,172.0,179.0,1060.0
2021-05-06 11:32:46,0.02,0.127,5.0,172.0,179.0,1060.0
2021-05-06 11:33:46,0.02,0.127,5.0,172.0,179.0,1060.0
2021-05-06 11:34:46,0.02,0.127,6.0,172.0,179.0,1060.0
2021-05-06 11:35:47,0.02,0.127,5.0,172.0,179.0,1060.0
2021-05-06 11:36:48,0.02,0.127,6.0,172.0,179.0,1060.0
2021-05-06 11:37:48,0.02,0.127,5.0,172.0,179.0,1060.0
2021-05-06 11:38:48,0.02,0.127,5.0,172.0,179.0,1060.0
2021-05-06 11:39:49,0.02,0.127,5.0,172.0,179.0,1060.0
2021-05-06 11:40:49,0.02,0.127,5.0,172.0,179.0,1060.0
2021-05-06 11:41:50,0.02,0.127,6.0,172.0,179.0,1060.0
2021-05-06 11:42:50,0.02,0.127,5.0,172.0,179.0,1060.0
2021-05-06 11:43:51,0.02,0.127,5.0,172.0,179.0,1060.0
2021-05-06 11:44:51,0.02,0.127,6.0,172.0,179.0,1060.0
2021-05-06 11:45:52,0.02,0.127,6.0,172.0,179.0,1060.0
2021-05-06 11:46:52,0.02,0.127,6.0,172.0,179.0,1060.0
2021-05-06 11:47:52,0.02,0.127,5.0,172.0,179.0,1060.0
2021-05-06 11:48:53,0.02,0.127,6.0,172.0,179.0,1060.0
2021-05-06 11:49:54,0.02,0.127,6.0,172.0,179.0,1060.0
2021-05-06 11:50:54,0.02,0.127,6.0,172.0,179.0,1060.0
2021-05-06 11:51:54,0.02,0.127,6.0,172.0,179.0,1060.0
2021-05-06 11:52:55,0.02,0.127,5.0,172.0,179.0,1060.0
2021-05-06 11:53:55,0.02,0.128,5.0,172.0,179.0,1060.0
2021-05-06 11:54:56,0.02,0.127,5.0,172.0,179.0,1060.0
2021-05-06 11:55:57,0.02,0.127,5.0,172.0,179.0,1060.0
2021-05-06 11:56:57,0.02,0.128,6.0,172.0,179.0,1060.0
2021-05-06 11:57:58,0.02,0.128,5.0,172.0,179.0,1060.0
2021-05-06 11:58:58,0.02,0.128,6.0,172.0,179.0,1060.0
2021-05-06 11:59:59,0.02,0.128,6.0,172.0,179.0,1060.0
2021-05-06 12:00:59,0.02,0.128,5.0,172.0,179.0,1060.0
2021-05-06 12:01:59,0.02,0.128,6.0,172.0,179.0,1060.0
2021-05-06 12:03:00,0.02,0.128,6.0,172.0,179.0,1060.0
2021-05-06 12:04:01,0.02,0.128,6.0,172.0,179.0,1060.0
2021-05-06 12:05:01,0.02,0.128,5.0,172.0,179.0,1060.0
2021-05-06 12:06:01,0.02,0.128,6.0,172.0,179.0,1060.0
2021-05-06 12:07:02,0.02,0.128,6.0,172.0,179.0,1060.0
2021-05-06 12:08:03,0.02,0.128,5.0,172.0,179.0,1060.0
2021-05-06 12:09:03,0.02,0.128,5.0,172.0,179.0,1060.0
2021-05-06 12:10:03,0.02,0.128,5.0,172.0,179.0,1060.0
2021-05-06 12:11:04,0.02,0.128,5.0,172.0,179.0,1060.0
2021-05-06 12:12:05,0.02,0.128,5.0,172.0,179.0,1060.0
2021-05-06 12:13:05,0.02,0.128,5.0,172.0,179.0,1060.0
2021-05-06 12:14:05,0.02,0.128,6.0,172.0,179.0,1060.0
2021-05-06 12:15:06,0.02,0.128,6.0,172.0,179.0,1060.0
2021-05-06 12:16:06,0.02,0.128,6.0,172.0,179.0,1060.0
2021-05-06 12:17:07,0.02,0.128,6.0,172.0,179.0,1060.0
2021-05-06 12:18:07,0.02,0.128,6.0,172.0,179.0,1060.0
2021-05-06 12:19:08,0.02,0.128,6.0,172.0,179.0,1060.0
2021-05-06 12:20:08,0.02,0.128,6.0,172.0,179.0,1060.0
2021-05-06 12:21:09,0.02,0.128,5.0,172.0,179.0,1060.0
2021-05-06 12:22:09,0.02,0.128,5.0,172.0,179.0,1060.0
2021-05-06 12:23:09,0.02,0.128,5.0,172.0,179.0,1060.0
2021-05-06 12:24:10,0.02,0.128,6.0,172.0,179.0,1060.0
2021-05-06 12:25:10,0.02,0.128,6.0,172.0,179.0,1060.0
2021-05-06 12:26:10,0.02,0.128,5.0,172.0,179.0,1060.0
2021-05-06 12:27:11,0.02,0.128,6.0,172.0,179.0,1060.0
2021-05-06 12:28:11,0.02,0.128,5.0,172.0,179.0,1060.0
2021-05-06 12:29:12,0.02,0.128,5.0,172.0,179.0,1060.0
2021-05-06 12:30:12,0.02,0.128,5.0,172.0,179.0,1060.0
2021-05-06 12:31:12,0.02,0.128,6.0,172.0,179.0,1060.0
2021-05-06 12:32:13,0.02,0.128,5.0,172.0,179.0,1060.0
2021-05-06 12:33:13,0.02,0.128,5.0,172.0,179.0,1060.0
2021-05-06 12:34:14,0.02,0.128,5.0,172.0,179.0,1060.0
2021-05-06 12:35:14,0.02,0.128,5.0,172.0,179.0,1060.0
2021-05-06 12:36:15,0.02,0.128,6.0,172.0,179.0,1060.0
2021-05-06 12:37:15,0.02,0.128,6.0,172.0,179.0,1060.0
2021-05-06 12:38:16,0.02,0.128,6.0,172.0,179.0,1060.0
2021-05-06 12:39:16,0.02,0.128,6.0,172.0,179.0,1060.0
2021-05-06 12:40:17,0.02,0.128,6.0,172.0,179.0,1060.0
2021-05-06 12:41:17,0.02,0.128,5.0,172.0,179.0,1060.0
2021-05-06 12:42:18,0.02,0.128,6.0,172.0,179.0,1060.0
2021-05-06 12:43:18,0.02,0.128,5.0,172.0,179.0,1060.0
2021-05-06 12:44:19,0.02,0.128,6.0,172.0,179.0,1060.0
2021-05-06 12:45:19,0.02,0.128,6.0,172.0,179.0,1060.0
2021-05-06 12:46:20,0.02,0.128,6.0,172.0,179.0,1060.0
2021-05-06 12:47:20,0.02,0.129,5.0,172.0,179.0,1060.0
2021-05-06 12:48:20,0.02,0.128,5.0,172.0,179.0,1060.0
2021-05-06 12:49:21,0.02,0.129,6.0,172.0,179.0,1060.0
2021-05-06 12:50:21,0.02,0.129,6.0,172.0,179.0,1060.0
2021-05-06 12:51:22,0.02,0.128,6.0,172.0,179.0,1060.0
2021-05-06 12:52:22,0.02,0.129,6.0,172.0,179.0,1060.0
2021-05-06 12:53:23,0.02,0.129,6.0,172.0,179.0,1060.0
2021-05-06 12:54:23,0.02,0.129,6.0,172.0,179.0,1060.0
2021-05-06 12:55:24,0.02,0.128,6.0,172.0,179.0,1060.0
2021-05-06 12:56:24,0.02,0.129,6.0,172.0,179.0,1060.0
2021-05-06 12:57:25,0.02,0.129,6.0,172.0,179.0,1060.0
2021-05-06 12:58:25,0.02,0.129,6.0,172.0,179.0,1060.0
2021-05-06 12:59:26,0.02,0.129,6.0,172.0,179.0,1060.0
2021-05-06 13:00:26,0.02,0.129,6.0,172.0,179.0,1060.0
2021-05-06 13:01:27,0.02,0.129,6.0,172.0,179.0,1060.0
2021-05-06 13:02:27,0.02,0.129,6.0,172.0,179.0,1060.0
2021-05-06 13:03:28,0.02,0.129,6.0,172.0,179.0,1060.0
2021-05-06 13:04:28,0.02,0.129,5.0,172.0,179.0,1060.0
2021-05-06 13:05:29,0.02,0.129,6.0,172.0,179.0,1060.0
2021-05-06 13:06:29,0.02,0.129,6.0,172.0,179.0,1060.0
2021-05-06 13:07:30,0.02,0.129,6.0,172.0,179.0,1060.0
2021-05-06 13:08:30,0.02,0.129,6.0,172.0,179.0,1060.0
2021-05-06 13:09:30,0.02,0.129,6.0,172.0,179.0,1060.0
2021-05-06 13:10:31,0.02,0.129,6.0,172.0,179.0,1060.0
2021-05-06 13:11:31,0.02,0.129,6.0,172.0,179.0,1060.0
2021-05-06 13:12:32,0.02,0.129,6.0,172.0,179.0,1060.0
2021-05-06 13:13:32,0.02,0.129,6.0,172.0,179.0,1060.0
2021-05-06 13:14:33,0.02,0.129,6.0,172.0,179.0,1060.0
2021-05-06 13:15:33,0.02,0.129,6.0,172.0,179.0,1060.0
2021-05-06 13:16:33,0.02,0.129,6.0,172.0,179.0,1060.0
2021-05-06 13:17:34,0.02,0.129,6.0,172.0,179.0,1060.0
2021-05-06 13:18:34,0.02,0.129,6.0,172.0,179.0,1060.0
2021-05-06 13:19:35,0.02,0.129,5.0,172.0,179.0,1060.0
2021-05-06 13:20:35,0.02,0.129,5.0,172.0,179.0,1060.0
2021-05-06 13:21:36,0.02,0.129,5.0,172.0,179.0,1060.0
2021-05-06 13:22:36,0.02,0.129,6.0,172.0,179.0,1060.0
2021-05-06 13:23:37,0.02,0.129,6.0,172.0,179.0,1060.0
2021-05-06 13:24:37,0.02,0.129,5.0,172.0,179.0,1060.0
2021-05-06 13:25:38,0.02,0.129,6.0,172.0,179.0,1060.0
2021-05-06 13:26:38,0.02,0.129,6.0,172.0,179.0,1060.0
2021-05-06 13:27:39,0.02,0.129,5.0,172.0,179.0,1060.0
2021-05-06 13:28:39,0.02,0.129,5.0,172.0,179.0,1060.0
2021-05-06 13:29:40,0.02,0.129,6.0,172.0,179.0,1060.0
2021-05-06 13:30:40,0.02,0.129,6.0,172.0,179.0,1060.0
2021-05-06 13:31:41,0.02,0.129,5.0,172.0,179.0,1060.0
2021-05-06 13:32:41,0.02,0.129,6.0,172.0,178.0,1060.0
2021-05-06 13:33:41,0.02,0.129,6.0,172.0,179.0,1060.0
2021-05-06 13:34:42,0.02,0.129,5.0,172.0,179.0,1060.0
2021-05-06 13:35:42,0.02,0.129,5.0,172.0,179.0,1060.0
2021-05-06 13:36:43,0.02,0.129,6.0,172.0,179.0,1060.0
2021-05-06 13:37:43,0.02,0.129,5.0,172.0,179.0,1060.0
2021-05-06 13:38:44,0.02,0.129,6.0,172.0,179.0,1060.0
2021-05-06 13:39:45,0.02,0.129,6.0,172.0,179.0,1060.0
2021-05-06 13:40:45,0.02,0.129,5.0,172.0,179.0,1060.0
2021-05-06 13:41:46,0.02,0.129,6.0,172.0,179.0,1060.0
2021-05-06 13:42:46,0.02,0.129,6.0,172.0,179.0,1060.0
2021-05-06 13:43:47,0.02,0.129,6.0,172.0,179.0,1060.0
2021-05-06 13:44:47,0.02,0.129,5.0,172.0,179.0,1060.0
2021-05-06 13:45:47,0.02,0.129,6.0,172.0,179.0,1060.0
2021-05-06 13:46:48,0.02,0.13,6.0,172.0,179.0,1060.0
2021-05-06 13:47:48,0.02,0.129,6.0,172.0,179.0,1060.0
2021-05-06 13:48:49,0.02,0.129,6.0,172.0,179.0,1060.0
2021-05-06 13:49:49,0.02,0.129,6.0,172.0,179.0,1060.0
2021-05-06 13:50:50,0.02,0.129,5.0,172.0,179.0,1060.0
2021-05-06 13:51:50,0.02,0.129,6.0,172.0,179.0,1060.0
2021-05-06 13:52:50,0.02,0.129,6.0,172.0,179.0,1060.0
2021-05-06 13:53:51,0.02,0.13,5.0,172.0,179.0,1060.0
2021-05-06 13:54:51,0.02,0.129,6.0,172.0,179.0,1060.0
2021-05-06 13:55:52,0.02,0.129,6.0,172.0,179.0,1060.0
2021-05-06 13:56:52,0.02,0.129,6.0,172.0,179.0,1060.0
2021-05-06 13:57:53,0.02,0.129,6.0,172.0,179.0,1060.0
2021-05-06 13:58:53,0.02,0.129,6.0,172.0,179.0,1060.0
2021-05-06 13:59:53,0.02,0.129,6.0,172.0,179.0,1060.0
2021-05-06 14:00:54,0.02,0.13,6.0,172.0,179.0,1060.0
2021-05-06 14:01:54,0.02,0.129,6.0,172.0,179.0,1060.0
2021-05-06 14:02:55,0.02,0.129,6.0,172.0,179.0,1060.0
2021-05-06 14:03:55,0.02,0.129,6.0,172.0,179.0,1060.0
2021-05-06 14:04:56,0.02,0.129,6.0,172.0,179.0,1060.0
2021-05-06 14:05:56,0.02,0.129,5.0,172.0,179.0,1060.0
2021-05-06 14:06:57,0.02,0.129,6.0,172.0,179.0,1060.0
2021-05-06 14:07:57,0.02,0.129,6.0,172.0,179.0,1060.0
2021-05-06 14:08:58,0.02,0.129,6.0,172.0,179.0,1060.0
2021-05-06 14:09:58,0.02,0.129,5.0,172.0,179.0,1060.0
2021-05-06 14:10:59,0.02,0.13,6.0,172.0,179.0,1060.0
2021-05-06 14:11:59,0.02,0.129,6.0,172.0,179.0,1060.0
2021-05-06 14:12:59,0.02,0.129,6.0,172.0,179.0,1060.0
2021-05-06 14:14:00,0.02,0.13,6.0,172.0,179.0,1060.0
2021-05-06 14:15:00,0.02,0.13,6.0,172.0,179.0,1060.0
2021-05-06 14:16:01,0.02,0.13,6.0,172.0,179.0,1060.0
2021-05-06 14:17:01,0.02,0.13,5.0,172.0,179.0,1060.0
2021-05-06 14:18:02,0.02,0.13,6.0,172.0,179.0,1060.0
2021-05-06 14:19:02,0.02,0.13,6.0,172.0,179.0,1060.0
2021-05-06 14:20:03,0.02,0.13,6.0,172.0,179.0,1060.0
2021-05-06 14:21:03,0.02,0.13,6.0,172.0,179.0,1060.0
2021-05-06 14:22:04,0.02,0.13,6.0,172.0,179.0,1060.0
2021-05-06 14:23:04,0.02,0.13,6.0,172.0,179.0,1060.0
2021-05-06 14:24:04,0.02,0.13,6.0,172.0,179.0,1060.0
2021-05-06 14:25:05,0.02,0.13,5.0,172.0,179.0,1060.0
2021-05-06 14:26:05,0.02,0.13,6.0,172.0,179.0,1060.0
2021-05-06 14:27:06,0.02,0.13,6.0,172.0,179.0,1060.0
2021-05-06 14:28:06,0.02,0.13,6.0,172.0,179.0,1060.0
2021-05-06 14:29:07,0.02,0.13,6.0,172.0,179.0,1060.0
2021-05-06 14:30:07,0.02,0.13,6.0,172.0,179.0,1060.0
2021-05-06 14:31:07,0.02,0.13,6.0,172.0,179.0,1060.0
2021-05-06 14:32:08,0.02,0.13,6.0,172.0,179.0,1060.0
2021-05-06 14:33:08,0.02,0.13,6.0,172.0,179.0,1060.0
2021-05-06 14:34:09,0.02,0.13,6.0,172.0,179.0,1060.0
2021-05-06 14:35:09,0.02,0.13,6.0,172.0,179.0,1060.0
2021-05-06 14:36:10,0.02,0.13,6.0,172.0,179.0,1060.0
2021-05-06 14:37:11,0.02,0.13,6.0,172.0,179.0,1060.0
2021-05-06 14:38:11,0.02,0.13,6.0,172.0,179.0,1060.0
2021-05-06 14:39:11,0.02,0.13,6.0,172.0,179.0,1060.0
2021-05-06 14:40:12,0.02,0.13,6.0,172.0,179.0,1060.0
2021-05-06 14:41:13,0.02,0.13,6.0,172.0,179.0,1060.0
2021-05-06 14:42:13,0.02,0.13,5.0,172.0,179.0,1060.0
2021-05-06 14:43:13,0.02,0.13,6.0,172.0,179.0,1060.0
2021-05-06 14:44:14,0.02,0.13,6.0,172.0,179.0,1060.0
2021-05-06 14:45:14,0.02,0.13,5.0,172.0,179.0,1060.0
2021-05-06 14:46:15,0.02,0.13,6.0,172.0,179.0,1060.0
2021-05-06 14:47:15,0.02,0.13,6.0,172.0,179.0,1060.0
2021-05-06 14:48:16,0.02,0.13,6.0,172.0,179.0,1060.0
2021-05-06 14:49:16,0.02,0.13,6.0,172.0,179.0,1060.0
2021-05-06 14:50:17,0.02,0.13,5.0,172.0,179.0,1060.0
2021-05-06 14:51:17,0.02,0.13,6.0,172.0,179.0,1060.0
2021-05-06 14:52:18,0.02,0.13,6.0,172.0,179.0,1060.0
2021-05-06 14:53:18,0.02,0.13,6.0,172.0,179.0,1060.0
2021-05-06 14:54:19,0.02,0.13,6.0,172.0,179.0,1060.0
2021-05-06 14:55:19,0.02,0.13,5.0,172.0,179.0,1060.0
2021-05-06 14:56:20,0.02,0.13,6.0,172.0,179.0,1060.0
2021-05-06 14:57:20,0.02,0.13,6.0,172.0,179.0,1060.0
2021-05-06 14:58:20,0.02,0.13,6.0,172.0,179.0,1060.0
2021-05-06 14:59:21,0.02,0.13,6.0,172.0,179.0,1060.0
2021-05-06 15:00:21,0.02,0.13,6.0,172.0,179.0,1060.0
2021-05-06 15:01:22,0.02,0.13,6.0,172.0,179.0,1060.0
2021-05-06 15:02:22,0.02,0.131,6.0,172.0,179.0,1060.0
2021-05-06 15:03:22,0.02,0.131,6.0,172.0,179.0,1060.0
2021-05-06 15:04:23,0.02,0.13,6.0,172.0,179.0,1060.0
2021-05-06 15:05:23,0.02,0.13,6.0,172.0,179.0,1060.0
2021-05-06 15:06:24,0.02,0.131,6.0,172.0,179.0,1060.0
2021-05-06 15:07:24,0.02,0.13,6.0,172.0,179.0,1060.0
2021-05-06 15:08:25,0.02,0.131,5.0,172.0,179.0,1060.0
2021-05-06 15:09:25,0.02,0.131,6.0,172.0,179.0,1060.0
2021-05-06 15:10:26,0.02,0.131,6.0,172.0,179.0,1060.0
2021-05-06 15:11:26,0.02,0.131,6.0,172.0,179.0,1060.0
2021-05-06 15:12:27,0.02,0.131,6.0,172.0,179.0,1060.0
2021-05-06 15:13:27,0.02,0.13,6.0,172.0,179.0,1060.0
2021-05-06 15:14:27,0.02,0.131,6.0,172.0,179.0,1060.0
2021-05-06 15:15:28,0.02,0.131,6.0,172.0,179.0,1060.0
2021-05-06 15:16:28,0.02,0.131,6.0,172.0,179.0,1060.0
2021-05-06 15:17:29,0.02,0.131,6.0,172.0,179.0,1060.0
2021-05-06 15:18:29,0.02,0.131,6.0,172.0,179.0,1060.0
2021-05-06 15:19:30,0.02,0.131,6.0,172.0,179.0,1060.0
2021-05-06 15:20:30,0.02,0.131,6.0,172.0,179.0,1060.0
2021-05-06 15:21:31,0.02,0.131,6.0,172.0,179.0,1060.0
2021-05-06 15:22:31,0.02,0.13,5.0,172.0,179.0,1060.0
2021-05-06 15:23:32,0.02,0.13,6.0,172.0,179.0,1060.0
2021-05-06 15:24:32,0.02,0.131,6.0,172.0,179.0,1060.0
2021-05-06 15:25:32,0.02,0.131,6.0,172.0,179.0,1060.0
2021-05-06 15:26:33,0.02,0.13,6.0,172.0,179.0,1060.0
2021-05-06 15:27:33,0.02,0.131,6.0,172.0,179.0,1060.0
2021-05-06 15:28:34,0.02,0.131,6.0,172.0,179.0,1060.0
2021-05-06 15:29:34,0.02,0.131,6.0,172.0,179.0,1060.0
2021-05-06 15:30:35,0.02,0.131,6.0,172.0,179.0,1060.0
2021-05-06 15:31:36,0.02,0.131,6.0,172.0,179.0,1060.0
2021-05-06 15:32:36,0.02,0.131,6.0,172.0,179.0,1060.0
2021-05-06 15:33:36,0.02,0.131,6.0,172.0,179.0,1060.0
2021-05-06 15:34:37,0.02,0.131,6.0,172.0,179.0,1060.0
2021-05-06 15:35:37,0.02,0.131,6.0,172.0,179.0,1060.0
2021-05-06 15:36:38,0.02,0.131,5.0,172.0,179.0,1060.0
2021-05-06 15:37:38,0.02,0.131,6.0,172.0,179.0,1060.0
2021-05-06 15:38:39,0.02,0.131,6.0,172.0,179.0,1060.0
2021-05-06 15:39:39,0.02,0.131,6.0,172.0,179.0,1060.0
2021-05-06 15:40:40,0.02,0.131,6.0,172.0,179.0,1060.0
2021-05-06 15:41:40,0.02,0.131,6.0,172.0,179.0,1060.0
2021-05-06 15:42:40,0.02,0.131,6.0,172.0,179.0,1060.0
2021-05-06 15:43:41,0.02,0.131,6.0,172.0,179.0,1060.0
2021-05-06 15:44:42,0.02,0.131,6.0,172.0,179.0,1060.0
2021-05-06 15:45:42,0.02,0.131,6.0,172.0,179.0,1060.0
2021-05-06 15:46:43,0.02,0.131,6.0,172.0,179.0,1060.0
2021-05-06 15:47:43,0.02,0.131,6.0,172.0,179.0,1060.0
2021-05-06 15:48:43,0.02,0.131,6.0,172.0,179.0,1060.0
2021-05-06 15:49:44,0.02,0.131,6.0,172.0,179.0,1060.0
2021-05-06 15:50:44,0.02,0.131,6.0,172.0,179.0,1060.0
2021-05-06 15:51:45,0.02,0.131,6.0,172.0,179.0,1060.0
2021-05-06 15:52:45,0.02,0.131,6.0,172.0,179.0,1060.0
2021-05-06 15:53:46,0.02,0.131,6.0,172.0,179.0,1060.0
2021-05-06 15:54:46,0.02,0.131,6.0,172.0,179.0,1060.0
2021-05-06 15:55:46,0.02,0.131,6.0,172.0,179.0,1060.0
2021-05-06 15:56:47,0.02,0.131,6.0,172.0,179.0,1060.0
2021-05-06 15:57:47,0.02,0.131,6.0,172.0,179.0,1060.0
2021-05-06 15:58:48,0.02,0.131,6.0,172.0,179.0,1060.0
2021-05-06 15:59:48,0.02,0.131,6.0,172.0,179.0,1060.0
2021-05-06 16:00:49,0.02,0.131,6.0,172.0,179.0,1060.0
2021-05-06 16:01:49,0.02,0.131,6.0,172.0,179.0,1060.0
2021-05-06 16:02:50,0.02,0.131,6.0,172.0,179.0,1060.0
2021-05-06 16:03:50,0.02,0.131,6.0,172.0,179.0,1060.0
2021-05-06 16:04:51,0.02,0.131,6.0,172.0,179.0,1060.0
2021-05-06 16:05:51,0.02,0.131,6.0,172.0,179.0,1060.0
2021-05-06 16:06:52,0.02,0.131,6.0,172.0,179.0,1060.0
2021-05-06 16:07:52,0.02,0.131,6.0,172.0,179.0,1060.0
2021-05-06 16:08:53,0.02,0.131,6.0,172.0,179.0,1060.0
2021-05-06 16:09:53,0.02,0.131,6.0,172.0,179.0,1060.0
2021-05-06 16:10:54,0.02,0.131,6.0,172.0,179.0,1060.0
2021-05-06 16:11:54,0.02,0.131,6.0,172.0,179.0,1060.0
2021-05-06 16:12:55,0.02,0.131,6.0,172.0,179.0,1060.0
2021-05-06 16:13:55,0.02,0.131,6.0,172.0,179.0,1060.0
2021-05-06 16:14:56,0.02,0.131,6.0,172.0,179.0,1060.0
2021-05-06 16:15:56,0.02,0.131,6.0,172.0,179.0,1060.0
2021-05-06 16:16:57,0.02,0.132,6.0,172.0,179.0,1060.0
2021-05-06 16:17:57,0.02,0.131,6.0,172.0,179.0,1060.0
2021-05-06 16:18:57,0.02,0.131,6.0,172.0,179.0,1060.0
2021-05-06 16:19:58,0.02,0.132,6.0,172.0,179.0,1060.0
2021-05-06 16:20:58,0.02,0.132,6.0,172.0,179.0,1060.0
2021-05-06 16:21:59,0.02,0.132,6.0,172.0,179.0,1060.0
2021-05-06 16:22:59,0.02,0.132,6.0,172.0,179.0,1060.0
2021-05-06 16:24:00,0.02,0.132,6.0,172.0,179.0,1060.0
2021-05-06 16:25:00,0.02,0.132,6.0,172.0,179.0,1060.0
2021-05-06 16:26:01,0.02,0.132,6.0,172.0,179.0,1060.0
2021-05-06 16:27:01,0.02,0.132,6.0,172.0,179.0,1060.0
2021-05-06 16:28:01,0.02,0.132,6.0,172.0,179.0,1060.0
2021-05-06 16:29:02,0.02,0.132,6.0,172.0,179.0,1060.0
2021-05-06 16:30:03,0.02,0.132,6.0,172.0,179.0,1060.0
2021-05-06 16:31:03,0.02,0.132,6.0,172.0,179.0,1060.0
2021-05-06 16:32:04,0.02,0.132,6.0,172.0,179.0,1060.0
2021-05-06 16:33:04,0.02,0.132,6.0,172.0,179.0,1060.0
2021-05-06 16:34:05,0.02,0.132,6.0,172.0,179.0,1060.0
2021-05-06 16:35:05,0.02,0.132,6.0,172.0,179.0,1060.0
2021-05-06 16:36:05,0.02,0.132,6.0,172.0,179.0,1060.0
2021-05-06 16:37:06,0.02,0.132,6.0,172.0,179.0,1060.0
2021-05-06 16:38:06,0.02,0.132,6.0,172.0,179.0,1060.0
2021-05-06 16:39:07,0.02,0.132,5.0,172.0,179.0,1060.0
2021-05-06 16:40:07,0.02,0.132,6.0,172.0,179.0,1060.0
2021-05-06 16:41:08,0.02,0.132,6.0,172.0,179.0,1060.0
2021-05-06 16:42:08,0.02,0.132,6.0,172.0,179.0,1060.0
2021-05-06 16:43:09,0.02,0.132,6.0,172.0,179.0,1060.0
2021-05-06 16:44:09,0.02,0.132,6.0,172.0,179.0,1060.0
2021-05-06 16:45:10,0.02,0.132,6.0,172.0,179.0,1060.0
2021-05-06 16:46:10,0.02,0.132,6.0,172.0,179.0,1060.0
2021-05-06 16:47:11,0.02,0.132,6.0,172.0,179.0,1060.0
2021-05-06 16:48:11,0.02,0.132,6.0,172.0,179.0,1060.0
2021-05-06 16:49:12,0.02,0.132,6.0,172.0,179.0,1060.0
2021-05-06 16:50:12,0.02,0.132,6.0,172.0,179.0,1060.0
2021-05-06 16:51:13,0.02,0.132,6.0,172.0,179.0,1060.0
2021-05-06 16:52:13,0.02,0.132,6.0,172.0,179.0,1060.0
2021-05-06 16:53:13,0.02,0.132,6.0,172.0,179.0,1060.0
2021-05-06 16:54:14,0.02,0.132,6.0,172.0,179.0,1060.0
2021-05-06 16:55:14,0.02,0.132,6.0,172.0,179.0,1060.0
2021-05-06 16:56:15,0.02,0.132,6.0,172.0,179.0,1060.0
2021-05-06 16:57:15,0.02,0.132,6.0,172.0,179.0,1060.0
2021-05-06 16:58:16,0.02,0.132,6.0,172.0,179.0,1060.0
2021-05-06 16:59:16,0.02,0.132,6.0,172.0,179.0,1060.0
2021-05-06 17:00:17,0.02,0.132,6.0,172.0,179.0,1060.0
2021-05-06 17:01:17,0.02,0.132,6.0,172.0,179.0,1060.0
2021-05-06 17:02:18,0.02,0.132,6.0,172.0,179.0,1060.0
2021-05-06 17:03:18,0.02,0.132,6.0,172.0,179.0,1060.0
2021-05-06 17:04:19,0.02,0.132,6.0,172.0,179.0,1060.0
2021-05-06 17:05:19,0.02,0.132,6.0,172.0,179.0,1060.0
2021-05-06 17:06:20,0.02,0.132,6.0,172.0,179.0,1060.0
2021-05-06 17:07:20,0.02,0.132,6.0,172.0,179.0,1060.0
2021-05-06 17:08:20,0.02,0.132,6.0,172.0,179.0,1060.0
2021-05-06 17:09:21,0.02,0.132,6.0,172.0,179.0,1060.0
2021-05-06 17:10:22,0.02,0.132,6.0,172.0,179.0,1060.0
2021-05-06 17:11:22,0.02,0.132,6.0,172.0,179.0,1060.0
2021-05-06 17:12:22,0.02,0.133,6.0,172.0,179.0,1060.0
2021-05-06 17:13:23,0.02,0.133,6.0,172.0,179.0,1060.0
2021-05-06 17:14:23,0.02,0.133,6.0,172.0,179.0,1060.0
2021-05-06 17:15:24,0.02,0.133,6.0,172.0,179.0,1060.0
2021-05-06 17:16:24,0.02,0.133,6.0,172.0,179.0,1060.0
2021-05-06 17:17:25,0.02,0.133,6.0,172.0,179.0,1060.0
2021-05-06 17:18:25,0.02,0.133,6.0,172.0,179.0,1060.0
2021-05-06 17:19:26,0.02,0.133,6.0,172.0,179.0,1060.0
2021-05-06 17:20:26,0.02,0.133,6.0,172.0,179.0,1060.0
2021-05-06 17:21:27,0.02,0.133,6.0,172.0,179.0,1060.0
2021-05-06 17:22:27,0.02,0.133,6.0,172.0,179.0,1060.0
2021-05-06 17:23:28,0.02,0.133,6.0,172.0,179.0,1060.0
2021-05-06 17:24:28,0.02,0.133,6.0,172.0,179.0,1060.0
2021-05-06 17:25:29,0.02,0.133,6.0,172.0,179.0,1060.0
2021-05-06 17:26:29,0.02,0.133,6.0,172.0,179.0,1060.0
2021-05-06 17:27:29,0.02,0.133,6.0,172.0,179.0,1060.0
2021-05-06 17:28:30,0.02,0.133,6.0,172.0,179.0,1060.0
2021-05-06 17:29:30,0.02,0.133,6.0,172.0,179.0,1060.0
2021-05-06 17:30:31,0.02,0.133,6.0,172.0,179.0,1060.0
2021-05-06 17:31:31,0.02,0.133,6.0,172.0,179.0,1060.0
2021-05-06 17:32:32,0.02,0.133,6.0,172.0,179.0,1060.0
2021-05-06 17:33:33,0.02,0.133,6.0,172.0,179.0,1060.0
2021-05-06 17:34:33,0.02,0.133,6.0,172.0,179.0,1060.0
2021-05-06 17:35:33,0.02,0.133,6.0,172.0,179.0,1060.0
2021-05-06 17:36:34,0.02,0.133,6.0,172.0,179.0,1060.0
2021-05-06 17:37:35,0.02,0.133,6.0,172.0,179.0,1060.0
2021-05-06 17:38:35,0.02,0.133,6.0,172.0,179.0,1060.0
2021-05-06 17:39:35,0.02,0.133,6.0,172.0,179.0,1060.0
2021-05-06 17:40:36,0.02,0.133,6.0,172.0,179.0,1060.0
2021-05-06 17:41:36,0.02,0.133,6.0,172.0,179.0,1060.0
2021-05-06 17:42:37,0.02,0.133,6.0,172.0,179.0,1060.0
2021-05-06 17:43:37,0.02,0.133,6.0,172.0,179.0,1060.0
2021-05-06 17:44:37,0.02,0.133,6.0,172.0,179.0,1060.0
2021-05-06 17:45:38,0.02,0.133,6.0,172.0,179.0,1060.0
2021-05-06 17:46:38,0.02,0.133,6.0,172.0,179.0,1060.0
2021-05-06 17:47:39,0.02,0.133,6.0,172.0,179.0,1060.0
2021-05-06 17:48:39,0.02,0.133,6.0,172.0,179.0,1060.0
2021-05-06 17:49:40,0.02,0.133,6.0,172.0,179.0,1060.0
2021-05-06 17:50:40,0.02,0.133,6.0,172.0,179.0,1060.0
2021-05-06 17:51:41,0.02,0.133,6.0,172.0,179.0,1060.0
2021-05-06 17:52:41,0.02,0.133,6.0,172.0,179.0,1060.0
2021-05-06 17:53:42,0.02,0.133,6.0,172.0,179.0,1060.0
2021-05-06 17:54:42,0.02,0.133,6.0,172.0,179.0,1060.0
2021-05-06 17:55:43,0.02,0.133,6.0,172.0,179.0,1060.0
2021-05-06 17:56:43,0.02,0.133,6.0,172.0,179.0,1060.0
2021-05-06 17:57:44,0.02,0.133,6.0,172.0,179.0,1060.0
2021-05-06 17:58:44,0.02,0.133,6.0,172.0,179.0,1060.0
2021-05-06 17:59:45,0.02,0.133,6.0,172.0,179.0,1060.0
2021-05-06 18:00:45,0.02,0.133,6.0,172.0,179.0,1060.0
2021-05-06 18:01:45,0.02,0.133,6.0,172.0,179.0,1060.0
2021-05-06 18:02:46,0.02,0.133,6.0,172.0,179.0,1060.0
2021-05-06 18:03:46,0.02,0.133,6.0,172.0,179.0,1060.0
2021-05-06 18:04:47,0.02,0.133,6.0,172.0,179.0,1060.0
2021-05-06 18:05:47,0.02,0.133,6.0,172.0,179.0,1060.0
2021-05-06 18:06:48,0.02,0.133,6.0,172.0,179.0,1060.0
2021-05-06 18:07:48,0.02,0.133,6.0,172.0,179.0,1060.0
2021-05-06 18:08:49,0.02,0.133,6.0,172.0,179.0,1060.0
2021-05-06 18:09:49,0.02,0.133,6.0,172.0,179.0,1060.0
2021-05-06 18:10:50,0.02,0.134,6.0,172.0,179.0,1060.0
2021-05-06 18:11:50,0.02,0.134,6.0,172.0,179.0,1060.0
2021-05-06 18:12:51,0.02,0.134,6.0,172.0,179.0,1060.0
2021-05-06 18:13:51,0.02,0.134,6.0,172.0,179.0,1060.0
2021-05-06 18:14:52,0.02,0.134,6.0,172.0,179.0,1060.0
2021-05-06 18:15:52,0.02,0.133,6.0,172.0,179.0,1060.0
2021-05-06 18:16:53,0.02,0.133,6.0,172.0,179.0,1060.0
2021-05-06 18:17:53,0.02,0.134,6.0,172.0,179.0,1060.0
2021-05-06 18:18:54,0.02,0.133,6.0,172.0,179.0,1060.0
2021-05-06 18:19:54,0.02,0.133,6.0,172.0,179.0,1060.0
2021-05-06 18:20:55,0.02,0.134,6.0,172.0,179.0,1060.0
2021-05-06 18:21:55,0.02,0.133,6.0,172.0,179.0,1060.0
2021-05-06 18:22:56,0.02,0.134,6.0,172.0,179.0,1060.0
2021-05-06 18:23:56,0.02,0.134,6.0,172.0,179.0,1060.0
2021-05-06 18:24:57,0.02,0.134,6.0,172.0,179.0,1060.0
2021-05-06 18:25:57,0.02,0.134,6.0,172.0,179.0,1060.0
2021-05-06 18:26:58,0.02,0.134,6.0,172.0,179.0,1060.0
2021-05-06 18:27:58,0.02,0.134,6.0,172.0,179.0,1060.0
2021-05-06 18:28:59,0.02,0.134,6.0,172.0,179.0,1060.0
2021-05-06 18:29:59,0.02,0.134,6.0,172.0,179.0,1060.0
2021-05-06 18:31:00,0.02,0.134,6.0,172.0,179.0,1060.0
2021-05-06 18:32:00,0.02,0.134,6.0,172.0,179.0,1060.0
2021-05-06 18:33:00,0.02,0.134,6.0,172.0,179.0,1060.0
2021-05-06 18:34:01,0.02,0.134,6.0,172.0,179.0,1060.0
2021-05-06 18:35:01,0.02,0.134,6.0,172.0,179.0,1060.0
2021-05-06 18:36:02,0.02,0.134,6.0,172.0,179.0,1060.0
2021-05-06 18:37:02,0.02,0.134,6.0,172.0,179.0,1060.0
2021-05-06 18:38:02,0.02,0.134,6.0,172.0,179.0,1060.0
2021-05-06 18:39:03,0.02,0.134,6.0,172.0,179.0,1060.0
2021-05-06 18:40:03,0.02,0.134,6.0,172.0,179.0,1060.0
2021-05-06 18:41:04,0.02,0.134,6.0,172.0,179.0,1060.0
2021-05-06 18:42:04,0.02,0.134,6.0,172.0,179.0,1060.0
2021-05-06 18:43:05,0.02,0.134,6.0,172.0,179.0,1060.0
2021-05-06 18:44:05,0.02,0.134,6.0,172.0,179.0,1060.0
2021-05-06 18:45:06,0.02,0.134,6.0,172.0,179.0,1060.0
2021-05-06 18:46:06,0.02,0.134,6.0,172.0,179.0,1060.0
2021-05-06 18:47:07,0.02,0.134,6.0,172.0,179.0,1060.0
2021-05-06 18:48:07,0.02,0.134,6.0,172.0,179.0,1060.0
2021-05-06 18:49:08,0.02,0.134,6.0,172.0,179.0,1060.0
2021-05-06 18:50:08,0.02,0.134,6.0,172.0,179.0,1060.0
2021-05-06 18:51:09,0.02,0.134,6.0,172.0,179.0,1060.0
2021-05-06 18:52:09,0.02,0.134,6.0,172.0,179.0,1060.0
2021-05-06 18:53:10,0.02,0.134,6.0,172.0,179.0,1060.0
2021-05-06 18:54:10,0.02,0.134,6.0,172.0,179.0,1060.0
2021-05-06 18:55:11,0.02,0.134,6.0,172.0,179.0,1060.0
2021-05-06 18:56:11,0.02,0.134,6.0,172.0,179.0,1060.0
2021-05-06 18:57:12,0.02,0.134,6.0,172.0,179.0,1060.0
2021-05-06 18:58:12,0.02,0.134,6.0,172.0,179.0,1060.0
2021-05-06 18:59:12,0.02,0.134,6.0,172.0,179.0,1060.0
2021-05-06 19:00:13,0.02,0.134,6.0,172.0,179.0,1060.0
2021-05-06 19:01:13,0.02,0.134,6.0,172.0,179.0,1060.0
2021-05-06 19:02:14,0.02,0.134,6.0,172.0,179.0,1060.0
2021-05-06 19:03:14,0.02,0.134,6.0,172.0,179.0,1060.0
2021-05-06 19:04:15,0.02,0.134,6.0,172.0,179.0,1060.0
2021-05-06 19:05:15,0.02,0.134,6.0,172.0,179.0,1060.0
2021-05-06 19:06:16,0.02,0.134,6.0,172.0,179.0,1060.0
2021-05-06 19:07:16,0.02,0.134,6.0,172.0,179.0,1060.0
2021-05-06 19:08:17,0.02,0.134,6.0,172.0,179.0,1060.0
2021-05-06 19:09:18,0.02,0.134,6.0,172.0,179.0,1060.0
2021-05-06 19:10:18,0.02,0.134,6.0,172.0,179.0,1060.0
2021-05-06 19:11:18,0.02,0.134,6.0,172.0,179.0,1060.0
2021-05-06 19:12:19,0.02,0.134,6.0,172.0,179.0,1060.0
2021-05-06 19:13:19,0.02,0.134,6.0,172.0,179.0,1060.0
2021-05-06 19:14:20,0.02,0.134,6.0,172.0,179.0,1060.0
2021-05-06 19:15:20,0.02,0.134,6.0,172.0,179.0,1060.0
2021-05-06 19:16:21,0.02,0.134,6.0,172.0,179.0,1060.0
2021-05-06 19:17:21,0.02,0.134,6.0,172.0,179.0,1060.0
2021-05-06 19:18:22,0.02,0.134,6.0,172.0,179.0,1060.0
2021-05-06 19:19:22,0.02,0.134,6.0,172.0,179.0,1060.0
2021-05-06 19:20:23,0.02,0.134,6.0,172.0,179.0,1060.0
2021-05-06 19:21:23,0.02,0.134,6.0,172.0,179.0,1060.0
2021-05-06 19:22:24,0.02,0.134,6.0,172.0,179.0,1060.0
2021-05-06 19:23:24,0.02,0.134,6.0,172.0,179.0,1060.0
2021-05-06 19:24:25,0.02,0.134,6.0,172.0,179.0,1060.0
2021-05-06 19:25:25,0.02,0.135,6.0,172.0,179.0,1060.0
2021-05-06 19:26:26,0.02,0.134,6.0,172.0,179.0,1060.0
2021-05-06 19:27:26,0.02,0.135,6.0,172.0,179.0,1060.0
2021-05-06 19:28:27,0.02,0.135,6.0,172.0,179.0,1060.0
2021-05-06 19:29:27,0.02,0.135,6.0,172.0,179.0,1060.0
2021-05-06 19:30:28,0.02,0.135,6.0,172.0,179.0,1060.0
2021-05-06 19:31:28,0.02,0.135,6.0,172.0,179.0,1060.0
2021-05-06 19:32:29,0.02,0.134,6.0,172.0,179.0,1060.0
2021-05-06 19:33:29,0.02,0.135,6.0,172.0,179.0,1060.0
2021-05-06 19:34:30,0.02,0.135,6.0,172.0,179.0,1060.0
2021-05-06 19:35:30,0.02,0.135,6.0,172.0,179.0,1060.0
2021-05-06 19:36:31,0.02,0.135,6.0,172.0,179.0,1060.0
2021-05-06 19:37:31,0.02,0.134,6.0,172.0,179.0,1060.0
2021-05-06 19:38:32,0.02,0.135,6.0,172.0,179.0,1060.0
2021-05-06 19:39:32,0.02,0.134,6.0,172.0,179.0,1060.0
2021-05-06 19:40:33,0.02,0.134,6.0,172.0,179.0,1060.0
2021-05-06 19:41:33,0.02,0.134,6.0,172.0,179.0,1060.0
2021-05-06 19:42:34,0.02,0.135,6.0,172.0,179.0,1060.0
2021-05-06 19:43:34,0.02,0.135,6.0,172.0,179.0,1060.0
2021-05-06 19:44:35,0.02,0.134,6.0,172.0,179.0,1060.0
2021-05-06 19:45:35,0.02,0.135,6.0,172.0,179.0,1060.0
2021-05-06 19:46:36,0.02,0.135,6.0,172.0,179.0,1060.0
2021-05-06 19:47:36,0.02,0.135,6.0,172.0,179.0,1060.0
2021-05-06 19:48:36,0.02,0.135,6.0,172.0,179.0,1060.0
2021-05-06 19:49:37,0.02,0.134,6.0,172.0,179.0,1060.0
2021-05-06 19:50:38,0.02,0.135,6.0,172.0,179.0,1060.0
2021-05-06 19:51:38,0.02,0.135,6.0,172.0,179.0,1060.0
2021-05-06 19:52:38,0.02,0.134,6.0,172.0,179.0,1060.0
2021-05-06 19:53:39,0.02,0.135,6.0,172.0,179.0,1060.0
2021-05-06 19:54:40,0.02,0.135,6.0,172.0,179.0,1060.0
2021-05-06 19:55:40,0.02,0.135,6.0,172.0,179.0,1060.0
2021-05-06 19:56:40,0.02,0.135,6.0,172.0,179.0,1060.0
2021-05-06 19:57:41,0.02,0.135,6.0,172.0,179.0,1060.0
2021-05-06 19:58:41,0.02,0.135,6.0,172.0,179.0,1060.0
2021-05-06 19:59:42,0.02,0.135,6.0,172.0,179.0,1060.0
2021-05-06 20:00:43,0.02,0.135,6.0,172.0,179.0,1060.0
2021-05-06 20:01:43,0.02,0.135,6.0,172.0,179.0,1060.0
2021-05-06 20:02:43,0.02,0.135,6.0,172.0,179.0,1060.0
2021-05-06 20:03:44,0.02,0.135,6.0,172.0,179.0,1060.0
2021-05-06 20:04:44,0.02,0.135,6.0,172.0,179.0,1060.0
2021-05-06 20:05:45,0.02,0.135,6.0,172.0,179.0,1060.0
2021-05-06 20:06:45,0.02,0.135,6.0,172.0,179.0,1060.0
2021-05-06 20:07:46,0.02,0.135,6.0,172.0,179.0,1060.0
2021-05-06 20:08:46,0.02,0.135,6.0,172.0,179.0,1060.0
2021-05-06 20:09:46,0.02,0.135,6.0,172.0,179.0,1060.0
2021-05-06 20:10:47,0.02,0.135,6.0,172.0,179.0,1060.0
2021-05-06 20:11:47,0.02,0.135,6.0,172.0,179.0,1060.0
2021-05-06 20:12:48,0.02,0.135,6.0,172.0,179.0,1060.0
2021-05-06 20:13:48,0.02,0.135,6.0,172.0,179.0,1060.0
2021-05-06 20:14:49,0.02,0.135,6.0,172.0,179.0,1060.0
2021-05-06 20:15:50,0.02,0.135,6.0,172.0,179.0,1060.0
2021-05-06 20:16:50,0.02,0.135,6.0,172.0,179.0,1060.0
2021-05-06 20:17:51,0.02,0.135,6.0,172.0,179.0,1060.0
2021-05-06 20:18:51,0.02,0.135,6.0,172.0,179.0,1060.0
2021-05-06 20:19:52,0.02,0.135,6.0,172.0,179.0,1060.0
2021-05-06 20:20:52,0.02,0.135,6.0,172.0,179.0,1060.0
2021-05-06 20:21:52,0.02,0.135,6.0,172.0,179.0,1060.0
2021-05-06 20:22:53,0.02,0.135,6.0,172.0,179.0,1060.0
2021-05-06 20:23:54,0.02,0.135,6.0,172.0,179.0,1060.0
2021-05-06 20:24:54,0.02,0.135,6.0,172.0,179.0,1060.0
2021-05-06 20:25:55,0.02,0.135,6.0,172.0,179.0,1060.0
2021-05-06 20:26:55,0.02,0.135,6.0,172.0,179.0,1060.0
2021-05-06 20:27:55,0.02,0.135,6.0,172.0,179.0,1060.0
2021-05-06 20:28:56,0.02,0.135,6.0,172.0,179.0,1060.0
2021-05-06 20:29:56,0.02,0.135,6.0,172.0,179.0,1060.0
2021-05-06 20:30:57,0.02,0.135,6.0,172.0,179.0,1060.0
2021-05-06 20:31:57,0.02,0.135,6.0,172.0,179.0,1060.0
2021-05-06 20:32:58,0.02,0.135,6.0,172.0,179.0,1060.0
2021-05-06 20:33:58,0.02,0.135,6.0,172.0,179.0,1060.0
2021-05-06 20:34:59,0.02,0.135,6.0,172.0,179.0,1060.0
2021-05-06 20:35:59,0.02,0.135,6.0,172.0,179.0,1060.0
2021-05-06 20:37:00,0.02,0.135,6.0,172.0,179.0,1060.0
2021-05-06 20:38:00,0.02,0.135,6.0,172.0,179.0,1060.0
2021-05-06 20:39:00,0.02,0.135,6.0,172.0,179.0,1060.0
2021-05-06 20:40:01,0.02,0.135,6.0,172.0,179.0,1060.0
2021-05-06 20:41:01,0.02,0.135,6.0,172.0,179.0,1060.0
2021-05-06 20:42:02,0.02,0.135,6.0,172.0,179.0,1060.0
2021-05-06 20:43:02,0.02,0.135,6.0,172.0,179.0,1060.0
2021-05-06 20:44:02,0.02,0.135,6.0,172.0,179.0,1060.0
2021-05-06 20:45:03,0.02,0.135,6.0,172.0,179.0,1060.0
2021-05-06 20:46:03,0.02,0.135,6.0,172.0,179.0,1060.0
2021-05-06 20:47:04,0.02,0.135,6.0,172.0,179.0,1060.0
2021-05-06 20:48:04,0.02,0.135,6.0,172.0,179.0,1060.0
2021-05-06 20:49:05,0.02,0.135,6.0,172.0,179.0,1060.0
2021-05-06 20:50:05,0.02,0.135,6.0,172.0,179.0,1060.0
2021-05-06 20:51:06,0.02,0.135,6.0,172.0,179.0,1060.0
2021-05-06 20:52:06,0.02,0.135,6.0,172.0,179.0,1060.0
2021-05-06 20:53:07,0.02,0.136,6.0,172.0,179.0,1060.0
2021-05-06 20:54:07,0.02,0.136,6.0,172.0,179.0,1060.0
2021-05-06 20:55:08,0.02,0.136,6.0,172.0,179.0,1060.0
2021-05-06 20:56:08,0.02,0.136,6.0,172.0,179.0,1060.0
2021-05-06 20:57:09,0.02,0.136,6.0,172.0,179.0,1060.0
2021-05-06 20:58:09,0.02,0.136,6.0,172.0,179.0,1060.0
2021-05-06 20:59:10,0.02,0.136,6.0,172.0,179.0,1060.0
2021-05-06 21:00:10,0.02,0.136,6.0,172.0,179.0,1060.0
2021-05-06 21:01:11,0.02,0.136,6.0,172.0,179.0,1060.0
2021-05-06 21:02:11,0.02,0.136,6.0,172.0,179.0,1060.0
2021-05-06 21:03:12,0.02,0.136,6.0,172.0,179.0,1060.0
2021-05-06 21:04:12,0.02,0.136,6.0,172.0,179.0,1060.0
2021-05-06 21:05:13,0.02,0.136,6.0,172.0,179.0,1060.0
2021-05-06 21:06:13,0.02,0.136,6.0,172.0,179.0,1060.0
2021-05-06 21:07:14,0.02,0.136,6.0,172.0,179.0,1060.0
2021-05-06 21:08:14,0.02,0.136,6.0,172.0,179.0,1060.0
2021-05-06 21:09:14,0.02,0.136,6.0,172.0,179.0,1060.0
2021-05-06 21:10:15,0.02,0.136,6.0,172.0,179.0,1060.0
2021-05-06 21:11:15,0.02,0.136,6.0,172.0,179.0,1060.0
2021-05-06 21:12:16,0.02,0.136,6.0,172.0,179.0,1060.0
2021-05-06 21:13:16,0.02,0.136,6.0,172.0,179.0,1060.0
2021-05-06 21:14:17,0.02,0.136,6.0,172.0,179.0,1060.0
2021-05-06 21:15:17,0.02,0.136,6.0,172.0,179.0,1060.0
2021-05-06 21:16:18,0.02,0.136,6.0,172.0,179.0,1060.0
2021-05-06 21:17:18,0.02,0.136,6.0,172.0,179.0,1060.0
2021-05-06 21:18:19,0.02,0.136,6.0,172.0,179.0,1060.0
2021-05-06 21:19:19,0.02,0.136,6.0,172.0,179.0,1060.0
2021-05-06 21:20:19,0.02,0.136,6.0,172.0,179.0,1060.0
2021-05-06 21:21:20,0.02,0.136,6.0,172.0,179.0,1060.0
2021-05-06 21:22:20,0.02,0.136,6.0,172.0,179.0,1060.0
2021-05-06 21:23:21,0.02,0.136,6.0,172.0,179.0,1060.0
2021-05-06 21:24:21,0.02,0.136,6.0,172.0,179.0,1060.0
2021-05-06 21:25:22,0.02,0.136,6.0,172.0,179.0,1060.0
2021-05-06 21:26:22,0.02,0.136,6.0,172.0,179.0,1060.0
2021-05-06 21:27:23,0.02,0.136,6.0,172.0,179.0,1060.0
2021-05-06 21:28:23,0.02,0.136,6.0,172.0,179.0,1060.0
2021-05-06 21:29:24,0.02,0.136,6.0,172.0,179.0,1060.0
2021-05-06 21:30:24,0.02,0.136,6.0,172.0,179.0,1060.0
2021-05-06 21:31:24,0.02,0.136,6.0,172.0,179.0,1060.0
2021-05-06 21:32:25,0.02,0.136,6.0,172.0,179.0,1060.0
2021-05-06 21:33:25,0.02,0.136,6.0,172.0,179.0,1060.0
2021-05-06 21:34:26,0.02,0.136,6.0,172.0,179.0,1060.0
2021-05-06 21:35:26,0.02,0.136,6.0,172.0,179.0,1060.0
2021-05-06 21:36:27,0.02,0.136,6.0,172.0,179.0,1060.0
2021-05-06 21:37:27,0.02,0.136,6.0,172.0,179.0,1060.0
2021-05-06 21:38:27,0.02,0.136,6.0,172.0,179.0,1060.0
2021-05-06 21:39:28,0.02,0.136,6.0,172.0,179.0,1060.0
2021-05-06 21:40:28,0.02,0.136,6.0,172.0,179.0,1060.0
2021-05-06 21:41:28,0.02,0.136,6.0,172.0,179.0,1060.0
2021-05-06 21:42:29,0.02,0.136,6.0,172.0,179.0,1060.0
2021-05-06 21:43:29,0.02,0.136,6.0,172.0,179.0,1060.0
2021-05-06 21:44:30,0.02,0.136,6.0,172.0,179.0,1060.0
2021-05-06 21:45:30,0.02,0.136,6.0,172.0,179.0,1060.0
2021-05-06 21:46:30,0.02,0.136,6.0,172.0,179.0,1060.0
2021-05-06 21:47:31,0.02,0.136,6.0,172.0,179.0,1060.0
2021-05-06 21:48:31,0.02,0.136,6.0,172.0,179.0,1060.0
2021-05-06 21:49:32,0.02,0.136,6.0,172.0,179.0,1060.0
2021-05-06 21:50:32,0.02,0.136,6.0,172.0,179.0,1060.0
2021-05-06 21:51:33,0.02,0.136,6.0,172.0,179.0,1060.0
2021-05-06 21:52:33,0.02,0.136,6.0,172.0,179.0,1060.0
2021-05-06 21:53:34,0.02,0.136,6.0,172.0,179.0,1060.0
2021-05-06 21:54:34,0.02,0.136,6.0,172.0,179.0,1060.0
2021-05-06 21:55:35,0.02,0.136,6.0,172.0,179.0,1060.0
2021-05-06 21:56:35,0.02,0.136,6.0,172.0,179.0,1060.0
2021-05-06 21:57:36,0.02,0.136,6.0,172.0,179.0,1060.0
2021-05-06 21:58:36,0.02,0.136,6.0,172.0,179.0,1060.0
2021-05-06 21:59:37,0.02,0.136,6.0,172.0,179.0,1060.0
2021-05-06 22:00:37,0.02,0.13699999999999998,6.0,172.0,179.0,1060.0
2021-05-06 22:01:38,0.02,0.136,6.0,172.0,179.0,1060.0
2021-05-06 22:02:38,0.02,0.13699999999999998,6.0,172.0,179.0,1060.0
2021-05-06 22:03:39,0.02,0.13699999999999998,6.0,172.0,179.0,1060.0
2021-05-06 22:04:39,0.02,0.13699999999999998,6.0,172.0,179.0,1060.0
2021-05-06 22:05:40,0.02,0.13699999999999998,6.0,172.0,179.0,1060.0
2021-05-06 22:06:40,0.02,0.13699999999999998,6.0,172.0,179.0,1060.0
2021-05-06 22:07:41,0.02,0.13699999999999998,6.0,172.0,179.0,1060.0
2021-05-06 22:08:41,0.02,0.13699999999999998,6.0,172.0,179.0,1060.0
2021-05-06 22:09:42,0.02,0.13699999999999998,6.0,172.0,179.0,1060.0
2021-05-06 22:10:42,0.02,0.13699999999999998,6.0,172.0,179.0,1060.0
2021-05-06 22:11:43,0.02,0.13699999999999998,6.0,172.0,179.0,1060.0
2021-05-06 22:12:43,0.02,0.136,6.0,172.0,179.0,1060.0
2021-05-06 22:13:44,0.02,0.13699999999999998,6.0,172.0,179.0,1060.0
2021-05-06 22:14:44,0.02,0.13699999999999998,6.0,172.0,179.0,1060.0
2021-05-06 22:15:45,0.02,0.136,6.0,172.0,179.0,1060.0
2021-05-06 22:16:45,0.02,0.136,6.0,172.0,179.0,1060.0
2021-05-06 22:17:46,0.02,0.136,6.0,172.0,179.0,1060.0
2021-05-06 22:18:46,0.02,0.13699999999999998,6.0,172.0,179.0,1060.0
2021-05-06 22:19:47,0.02,0.13699999999999998,6.0,172.0,179.0,1060.0
2021-05-06 22:20:47,0.02,0.13699999999999998,6.0,172.0,179.0,1060.0
2021-05-06 22:21:48,0.02,0.13699999999999998,6.0,172.0,179.0,1060.0
2021-05-06 22:22:48,0.02,0.13699999999999998,6.0,172.0,179.0,1060.0
2021-05-06 22:23:49,0.02,0.13699999999999998,6.0,172.0,179.0,1060.0
2021-05-06 22:24:49,0.02,0.13699999999999998,6.0,172.0,179.0,1060.0
2021-05-06 22:25:50,0.02,0.13699999999999998,6.0,172.0,179.0,1060.0
2021-05-06 22:26:50,0.02,0.13699999999999998,6.0,172.0,179.0,1060.0
2021-05-06 22:27:51,0.02,0.13699999999999998,6.0,172.0,179.0,1060.0
2021-05-06 22:28:51,0.02,0.13699999999999998,6.0,172.0,179.0,1060.0
2021-05-06 22:29:52,0.02,0.13699999999999998,6.0,172.0,179.0,1060.0
2021-05-06 22:30:52,0.02,0.13699999999999998,6.0,172.0,179.0,1060.0
2021-05-06 22:31:53,0.02,0.13699999999999998,6.0,172.0,179.0,1060.0
2021-05-06 22:32:53,0.02,0.13699999999999998,6.0,172.0,179.0,1060.0
2021-05-06 22:33:53,0.02,0.13699999999999998,6.0,172.0,790.0,1060.0
2021-05-06 22:34:54,0.02,0.13699999999999998,6.0,172.0,790.0,1060.0
2021-05-06 22:35:54,0.02,0.13699999999999998,6.0,173.0,789.0,1060.0
2021-05-06 22:36:55,0.02,0.13699999999999998,6.0,173.0,787.0,1060.0
2021-05-06 22:37:55,0.02,0.13699999999999998,6.0,173.0,787.0,1060.0
2021-05-06 22:38:56,0.02,0.13699999999999998,6.0,173.0,786.0,1060.0
2021-05-06 22:39:56,0.02,0.13699999999999998,6.0,173.0,785.0,1060.0
2021-05-06 22:40:57,0.02,0.136,6.0,173.0,785.0,1060.0
2021-05-06 22:41:57,0.02,0.135,6.0,173.0,784.0,1060.0
2021-05-06 22:42:58,0.02,0.135,6.0,173.0,782.0,289.0
2021-05-06 22:43:58,0.02,0.134,6.0,173.0,780.0,853.0
2021-05-06 22:44:59,0.02,0.133,6.0,173.0,780.0,789.0
2021-05-06 22:45:59,0.02,0.132,6.0,173.0,780.0,756.0
2021-05-06 22:47:00,0.02,0.131,6.0,173.0,779.0,204.0
2021-05-06 22:48:00,0.02,0.13,6.0,174.0,778.0,204.0
2021-05-06 22:49:01,0.02,0.129,6.0,174.0,777.0,36.2
2021-05-06 22:50:01,0.02,0.129,6.0,174.0,776.0,851.0
2021-05-06 22:51:01,0.02,0.128,6.0,174.0,776.0,204.0
2021-05-06 22:52:02,0.02,0.128,6.0,174.0,776.0,634.0
2021-05-06 22:53:03,0.02,0.127,6.0,174.0,775.0,370.0
2021-05-06 22:54:03,0.02,0.127,6.0,174.0,773.0,216.0
2021-05-06 22:55:04,0.02,0.126,6.0,174.0,773.0,125.0
2021-05-06 22:56:04,0.02,0.126,6.0,174.0,772.0,73.0
2021-05-06 22:57:05,0.02,0.125,6.0,174.0,773.0,42.0
2021-05-06 22:58:05,0.02,0.125,6.0,174.0,772.0,24.5
2021-05-06 22:59:06,0.02,0.124,6.0,174.0,770.0,14.8
2021-05-06 23:00:06,0.02,0.124,6.0,174.0,770.0,9.56
2021-05-06 23:01:07,0.02,0.12300000000000001,6.0,174.0,769.0,6.7
2021-05-06 23:02:07,0.02,0.12300000000000001,6.0,174.0,769.0,4.86
2021-05-06 23:03:08,0.02,0.12300000000000001,6.0,175.0,768.0,3.79
2021-05-06 23:04:08,0.02,0.122,6.0,175.0,768.0,3.08
2021-05-06 23:05:09,0.02,0.122,6.0,175.0,767.0,2.52
2021-05-06 23:06:09,0.02,0.122,6.0,175.0,766.0,2.15
2021-05-06 23:07:10,0.02,0.122,6.0,175.0,765.0,1.83
2021-05-06 23:08:10,0.02,0.121,6.0,175.0,763.0,1.58
2021-05-06 23:09:11,0.02,0.121,6.0,175.0,764.0,1.4
2021-05-06 23:10:11,0.02,0.121,6.0,175.0,763.0,1.23
2021-05-06 23:11:12,0.02,0.12,6.0,175.0,763.0,1.1
2021-05-06 23:12:12,0.89,0.12,6.0,175.0,762.0,0.997
2021-05-06 23:13:13,0.8390000000000001,0.12,6.0,175.0,761.0,0.9390000000000001
2021-05-06 23:14:13,0.6659999999999999,0.12,6.0,175.0,760.0,0.7240000000000001
2021-05-06 23:15:14,0.154,0.12,6.0,175.0,761.0,0.11699999999999999
2021-05-06 23:16:15,0.087,0.12,6.0,176.0,759.0,0.0549
2021-05-06 23:17:15,0.0711,0.12,6.0,176.0,758.0,0.0437
2021-05-06 23:18:16,0.0622,0.11900000000000001,6.0,176.0,758.0,0.0371
2021-05-06 23:19:17,0.0546,0.11900000000000001,6.0,176.0,758.0,0.0324
2021-05-06 23:20:17,0.0493,0.11900000000000001,6.0,176.0,757.0,0.029
2021-05-06 23:21:18,0.0453,0.11900000000000001,6.0,176.0,756.0,0.0263
2021-05-06 23:22:18,0.0423,0.11900000000000001,6.0,176.0,755.0,0.024
2021-05-06 23:23:19,0.0393,0.11900000000000001,6.0,176.0,756.0,0.0223
2021-05-06 23:24:20,0.0364,0.11900000000000001,6.0,176.0,755.0,0.0208
2021-05-06 23:25:20,0.0346,0.11900000000000001,6.0,176.0,753.0,0.0197
2021-05-06 23:26:21,0.0328,0.11900000000000001,6.0,176.0,754.0,0.0186
2021-05-06 23:27:21,0.0313,0.11800000000000001,6.0,176.0,753.0,0.0178
2021-05-06 23:28:22,0.03,0.11800000000000001,5.0,176.0,753.0,0.0171
2021-05-06 23:29:22,0.0291,0.11800000000000001,6.0,176.0,752.0,0.0164
2021-05-06 23:30:23,0.0282,0.11800000000000001,5.0,176.0,751.0,0.0158
2021-05-06 23:31:24,0.0275,0.11800000000000001,5.0,176.0,750.0,0.0154
2021-05-06 23:32:24,0.0268,0.11800000000000001,6.0,177.0,750.0,0.015
2021-05-06 23:33:25,0.0263,0.11800000000000001,6.0,176.0,751.0,0.0146
2021-05-06 23:34:26,0.0258,0.11800000000000001,5.0,176.0,748.0,0.0143
2021-05-06 23:35:27,0.0254,0.11800000000000001,6.0,177.0,749.0,0.0139
2021-05-06 23:36:27,0.025,0.11800000000000001,6.0,177.0,747.0,0.0137
2021-05-06 23:37:28,0.0424,0.11800000000000001,5.0,177.0,746.0,0.00164
2021-05-06 23:38:29,0.074,0.11800000000000001,6.0,177.0,746.0,0.00598
2021-05-06 23:39:29,0.0828,0.11800000000000001,6.0,177.0,745.0,0.00829
2021-05-06 23:40:30,0.0903,0.11800000000000001,6.0,177.0,745.0,0.0103
2021-05-06 23:41:30,0.0968,0.11800000000000001,6.0,177.0,744.0,0.0121
2021-05-06 23:42:31,0.102,0.11800000000000001,6.0,177.0,742.0,0.014
2021-05-06 23:43:31,0.106,0.11800000000000001,6.0,177.0,744.0,0.0159
2021-05-06 23:44:32,0.109,0.11699999999999999,6.0,177.0,742.0,0.0177
2021-05-06 23:45:33,0.11199999999999999,0.11800000000000001,6.0,177.0,742.0,0.0194
2021-05-06 23:46:33,0.114,0.11800000000000001,6.0,177.0,742.0,0.0213
2021-05-06 23:47:34,0.11599999999999999,0.11699999999999999,6.0,177.0,739.0,0.023
2021-05-06 23:48:34,0.11800000000000001,0.11699999999999999,5.0,177.0,739.0,0.0248
2021-05-06 23:49:35,0.11900000000000001,0.11699999999999999,6.0,177.0,739.0,0.0267
2021-05-06 23:50:36,0.12,0.11699999999999999,6.0,177.0,738.0,0.0285
2021-05-06 23:51:36,0.121,0.11699999999999999,6.0,177.0,738.0,0.0301
2021-05-06 23:52:37,0.122,0.11699999999999999,6.0,177.0,738.0,0.0318
2021-05-06 23:53:38,0.12300000000000001,0.11699999999999999,6.0,177.0,737.0,0.0335
2021-05-06 23:54:39,0.12300000000000001,0.11699999999999999,6.0,177.0,737.0,0.0353
2021-05-06 23:55:39,0.124,0.11800000000000001,6.0,177.0,736.0,0.0371
2021-05-06 23:56:40,0.124,0.11699999999999999,6.0,177.0,734.0,0.0389
2021-05-06 23:57:41,0.125,0.11699999999999999,6.0,177.0,736.0,0.0407
2021-05-06 23:58:41,0.125,0.11699999999999999,6.0,177.0,734.0,0.0421
2021-05-06 23:59:42,0.125,0.11699999999999999,6.0,177.0,734.0,0.0438
2021-05-07 00:00:43,0.125,0.11699999999999999,6.0,177.0,732.0,0.0456
2021-05-07 00:01:43,0.125,0.11699999999999999,6.0,177.0,732.0,0.0471
2021-05-07 00:02:44,0.125,0.11699999999999999,6.0,178.0,732.0,0.0487
2021-05-07 00:03:45,0.125,0.11699999999999999,6.0,178.0,730.0,0.0505
2021-05-07 00:04:45,0.14300000000000002,0.11699999999999999,6.0,177.0,732.0,0.0524
2021-05-07 00:05:46,0.161,0.11699999999999999,6.0,178.0,729.0,0.0541
2021-05-07 00:06:47,0.097,0.11699999999999999,6.0,178.0,729.0,0.0862
2021-05-07 00:07:47,0.0407,0.11699999999999999,6.0,178.0,728.0,0.0231
2021-05-07 00:08:48,0.0322,0.11699999999999999,6.0,178.0,729.0,0.0184
2021-05-07 00:09:49,0.0288,0.11699999999999999,6.0,178.0,727.0,0.0162
2021-05-07 00:10:49,0.0266,0.11699999999999999,6.0,178.0,727.0,0.0149
2021-05-07 00:11:50,0.0253,0.11699999999999999,6.0,178.0,726.0,0.0138
2021-05-07 00:12:51,0.0241,0.11699999999999999,6.0,178.0,725.0,0.0131
2021-05-07 00:13:51,0.0232,0.11699999999999999,6.0,178.0,725.0,0.0124
2021-05-07 00:14:52,0.0226,0.11699999999999999,6.0,178.0,724.0,0.0119
2021-05-07 00:15:52,0.022,0.11699999999999999,6.0,178.0,725.0,0.0115
2021-05-07 00:16:53,0.0216,0.11699999999999999,6.0,178.0,724.0,0.0112
2021-05-07 00:17:54,0.0212,0.11699999999999999,6.0,178.0,724.0,0.011
2021-05-07 00:18:54,0.0208,0.11699999999999999,6.0,178.0,722.0,0.0107
2021-05-07 00:19:55,0.0203,0.11699999999999999,6.0,178.0,720.0,0.0105
2021-05-07 00:20:56,0.0199,0.11699999999999999,6.0,178.0,722.0,0.0103
2021-05-07 00:21:56,0.0196,0.11699999999999999,6.0,178.0,720.0,0.0102
2021-05-07 00:22:57,0.0192,0.11699999999999999,6.0,178.0,720.0,0.00997
2021-05-07 00:23:58,0.0191,0.11699999999999999,6.0,178.0,719.0,0.00988
2021-05-07 00:24:58,0.0189,0.11699999999999999,6.0,179.0,719.0,0.00972
2021-05-07 00:25:59,0.0187,0.11699999999999999,6.0,179.0,717.0,0.00962
2021-05-07 00:26:59,0.0185,0.11699999999999999,6.0,179.0,715.0,0.00952
2021-05-07 00:28:00,0.0182,0.11699999999999999,6.0,178.0,716.0,0.00941
2021-05-07 00:29:01,0.0181,0.11699999999999999,6.0,179.0,715.0,0.00932
2021-05-07 00:30:01,0.0179,0.11699999999999999,6.0,179.0,716.0,0.00925
2021-05-07 00:31:02,0.0177,0.11699999999999999,6.0,179.0,714.0,0.00912
2021-05-07 00:32:03,0.0175,0.11699999999999999,6.0,179.0,714.0,0.009059999999999999
2021-05-07 00:33:03,0.0174,0.11699999999999999,6.0,179.0,713.0,0.00903
2021-05-07 00:34:04,0.0172,0.11699999999999999,6.0,179.0,713.0,0.00892
2021-05-07 00:35:05,0.0171,0.11699999999999999,6.0,179.0,712.0,0.00882
2021-05-07 00:36:05,0.0169,0.11699999999999999,3.0,179.0,710.0,0.00867
2021-05-07 00:37:06,0.0166,0.11699999999999999,1.0,179.0,712.0,0.00854
2021-05-07 00:38:07,0.0163,0.11699999999999999,-1.0,179.0,710.0,0.008409999999999999
2021-05-07 00:39:07,0.0161,0.11699999999999999,-2.0,179.0,710.0,0.00836
2021-05-07 00:40:08,0.016,0.11699999999999999,-3.0,179.0,708.0,0.0082
2021-05-07 00:41:09,0.0157,0.11699999999999999,-3.0,179.0,708.0,0.00805
2021-05-07 00:42:09,0.00892,0.11699999999999999,-4.0,179.0,708.0,0.0039700000000000004
2021-05-07 00:43:10,0.00545,0.11699999999999999,-4.0,179.0,709.0,0.00227
2021-05-07 00:44:10,0.00351,0.11699999999999999,-4.0,179.0,707.0,0.0014199999999999998
2021-05-07 00:45:11,0.0023,0.11699999999999999,-4.0,179.0,706.0,0.000917
2021-05-07 00:46:12,0.0015400000000000001,0.11699999999999999,-4.0,179.0,706.0,0.000671
2021-05-07 00:47:13,0.00103,0.11699999999999999,-4.0,179.0,705.0,0.0005009999999999999
2021-05-07 00:48:13,0.000771,0.11699999999999999,-4.0,179.0,705.0,0.0005009999999999999
2021-05-07 00:49:14,0.0006259999999999999,0.11800000000000001,-4.0,179.0,704.0,0.0005009999999999999
2021-05-07 00:50:15,0.00053,0.11800000000000001,-4.0,179.0,704.0,0.0005009999999999999
2021-05-07 00:51:15,0.00046699999999999997,0.11800000000000001,-4.0,179.0,703.0,0.0005009999999999999
2021-05-07 00:52:16,0.00042699999999999997,0.11800000000000001,-4.0,179.0,703.0,0.0005009999999999999
2021-05-07 00:53:16,0.000393,0.11800000000000001,-4.0,179.0,700.0,0.0005009999999999999
2021-05-07 00:54:17,0.000363,0.11800000000000001,-4.0,179.0,702.0,0.0005009999999999999
2021-05-07 00:55:18,0.000339,0.11800000000000001,-4.0,179.0,700.0,0.0005009999999999999
2021-05-07 00:56:18,0.00032,0.11800000000000001,-4.0,179.0,700.0,0.0005009999999999999
2021-05-07 00:57:19,0.000305,0.11800000000000001,-4.0,179.0,699.0,0.0005009999999999999
2021-05-07 00:58:20,0.000294,0.11800000000000001,-4.0,179.0,699.0,0.0005009999999999999
2021-05-07 00:59:21,0.00028399999999999996,0.11800000000000001,-4.0,179.0,699.0,0.0005009999999999999
2021-05-07 01:00:21,0.000276,0.11900000000000001,-4.0,179.0,697.0,0.0005009999999999999
2021-05-07 01:01:22,0.000267,0.11900000000000001,-4.0,179.0,697.0,0.0005009999999999999
2021-05-07 01:02:23,0.00026000000000000003,0.11900000000000001,-4.0,179.0,696.0,0.0005009999999999999
2021-05-07 01:03:23,0.00025499999999999996,0.11800000000000001,-4.0,179.0,696.0,0.0005009999999999999
2021-05-07 01:04:24,0.000248,0.11900000000000001,-4.0,179.0,696.0,0.0005009999999999999
2021-05-07 01:05:25,0.00024300000000000002,0.11900000000000001,-4.0,179.0,695.0,0.0005009999999999999
2021-05-07 01:06:25,0.000236,0.11900000000000001,-4.0,179.0,694.0,0.0005009999999999999
2021-05-07 01:07:26,0.00022999999999999998,0.11900000000000001,-4.0,180.0,693.0,0.0005009999999999999
2021-05-07 01:08:27,0.000225,0.11900000000000001,-4.0,180.0,693.0,0.0005009999999999999
2021-05-07 01:09:27,0.00022,0.11900000000000001,-4.0,179.0,692.0,0.0005009999999999999
2021-05-07 01:10:28,0.00021600000000000002,0.11900000000000001,-4.0,180.0,692.0,0.0005009999999999999
2021-05-07 01:11:29,0.00021099999999999998,0.11900000000000001,-4.0,180.0,692.0,0.0005009999999999999
2021-05-07 01:12:30,0.000207,0.11900000000000001,-4.0,180.0,691.0,0.0005009999999999999
2021-05-07 01:13:30,0.00020299999999999997,0.11900000000000001,-5.0,180.0,689.0,0.0005009999999999999
2021-05-07 01:14:31,0.0002,0.11900000000000001,-4.0,180.0,690.0,0.0005009999999999999
2021-05-07 01:15:32,0.000198,0.11900000000000001,-4.0,180.0,689.0,0.0005009999999999999
2021-05-07 01:16:32,0.000195,0.11900000000000001,-4.0,180.0,689.0,0.0005009999999999999
2021-05-07 01:17:33,0.000192,0.11900000000000001,-4.0,180.0,688.0,0.0005009999999999999
2021-05-07 01:18:34,0.00018999999999999998,0.11900000000000001,-4.0,180.0,688.0,0.0005009999999999999
2021-05-07 01:19:34,0.000188,0.11900000000000001,-4.0,180.0,688.0,0.0005009999999999999
2021-05-07 01:20:35,0.00018600000000000002,0.11900000000000001,-4.0,180.0,687.0,0.0005009999999999999
2021-05-07 01:21:35,0.000184,0.11900000000000001,-4.0,180.0,686.0,0.0005009999999999999
2021-05-07 01:22:36,0.000181,0.11900000000000001,-4.0,180.0,684.0,0.0005009999999999999
2021-05-07 01:23:37,0.00017900000000000001,0.11900000000000001,-4.0,180.0,684.0,0.0005009999999999999
2021-05-07 01:24:37,0.000177,0.11900000000000001,-4.0,180.0,684.0,0.0005009999999999999
2021-05-07 01:25:38,0.000174,0.11900000000000001,-4.0,180.0,684.0,0.0005009999999999999
2021-05-07 01:26:39,0.000171,0.11900000000000001,-4.0,180.0,683.0,0.0005009999999999999
2021-05-07 01:27:39,0.000169,0.11900000000000001,-4.0,180.0,684.0,0.0005009999999999999
2021-05-07 01:28:40,0.000167,0.11900000000000001,-4.0,180.0,682.0,0.0005009999999999999
2021-05-07 01:29:41,0.000164,0.11900000000000001,-4.0,180.0,682.0,0.0005009999999999999
2021-05-07 01:30:41,0.000162,0.11900000000000001,-4.0,180.0,680.0,0.0005009999999999999
2021-05-07 01:31:42,0.00016,0.11900000000000001,-4.0,180.0,680.0,0.0005009999999999999
2021-05-07 01:32:43,0.00015800000000000002,0.11900000000000001,-4.0,180.0,680.0,0.0005009999999999999
2021-05-07 01:33:43,0.000156,0.11900000000000001,-4.0,180.0,680.0,0.0005009999999999999
2021-05-07 01:34:44,0.000155,0.11900000000000001,-4.0,180.0,680.0,0.0005009999999999999
2021-05-07 01:35:44,0.000153,0.12,-4.0,180.0,679.0,0.0005009999999999999
2021-05-07 01:36:45,0.000151,0.11900000000000001,-4.0,180.0,679.0,0.0005009999999999999
2021-05-07 01:37:46,0.00015,0.11900000000000001,-4.0,180.0,678.0,0.0005009999999999999
2021-05-07 01:38:47,0.000149,0.12,-4.0,180.0,678.0,0.0005009999999999999
2021-05-07 01:39:47,0.000147,0.12,-4.0,180.0,677.0,0.0005009999999999999
2021-05-07 01:40:48,0.000146,0.12,-4.0,180.0,677.0,0.0005009999999999999
2021-05-07 01:41:48,0.000145,0.12,-4.0,180.0,676.0,0.0005009999999999999
2021-05-07 01:42:49,0.000143,0.12,-4.0,180.0,676.0,0.0005009999999999999
2021-05-07 01:43:50,0.00014199999999999998,0.12,-4.0,180.0,676.0,0.0005009999999999999
2021-05-07 01:44:50,0.00014,0.12,-4.0,180.0,676.0,0.0005009999999999999
2021-05-07 01:45:51,0.000139,0.12,-4.0,180.0,675.0,0.0005009999999999999
2021-05-07 01:46:52,0.000138,0.12,-5.0,180.0,675.0,0.0005009999999999999
2021-05-07 01:47:52,0.00013700000000000002,0.12,-4.0,180.0,673.0,0.0005009999999999999
2021-05-07 01:48:53,0.000135,0.12,-4.0,181.0,674.0,0.0005009999999999999
2021-05-07 01:49:53,0.000133,0.12,-4.0,180.0,674.0,0.0005009999999999999
2021-05-07 01:50:54,0.000131,0.12,-4.0,181.0,673.0,0.0005009999999999999
2021-05-07 01:51:55,0.000131,0.12,-4.0,181.0,672.0,0.0005009999999999999
2021-05-07 01:52:55,0.00013000000000000002,0.12,-4.0,181.0,672.0,0.0005009999999999999
2021-05-07 01:53:56,0.000129,0.12,-4.0,181.0,671.0,0.0005009999999999999
2021-05-07 01:54:57,0.000128,0.12,-4.0,181.0,671.0,0.0005009999999999999
2021-05-07 01:55:57,0.000126,0.12,-4.0,181.0,669.0,0.0005009999999999999
2021-05-07 01:56:58,0.000125,0.12,-4.0,181.0,670.0,0.0005009999999999999
2021-05-07 01:57:59,0.000124,0.12,-4.0,181.0,669.0,0.0005009999999999999
2021-05-07 01:58:59,0.000123,0.12,-4.0,181.0,669.0,0.0005009999999999999
2021-05-07 02:00:00,0.000122,0.12,-4.0,181.0,668.0,0.0005009999999999999
